"component_id","stable_key","geometric_side_provisional","vertex_count","face_count","dominant_groups","technical_flags","semantic_name","region","material_family","deformation_type","risk_level","action","evidence","target_parent","notes"
"0","C000-V000000","CENTER","5639","10896","head:2354.746516|clavicle.L:1641.841698|upper_arm.L:916.217868|neck:392.055836|chest:242.070202|spine_02:92.067884","CROSSES_CENTER_PLANE","","","","","","","","",""
"1","C001-V000001","CENTER","1016","1902","head:486.994793|clavicle.R:320.333134|neck:106.357071|chest:73.669575|spine_02:28.645426","CROSSES_CENTER_PLANE","","","","","","","","",""
"2","C002-V000069","RIGHT","2664","5083","head:2344.179620|neck:319.820383","","","","","","","","","",""
"3","C003-V002278","CENTER","11724","22878","upper_arm.L:3560.307967|spine_02:3555.856382|chest:3528.000155|forearm.L:882.167407|clavicle.L:197.668086","CROSSES_CENTER_PLANE|VERY_LARGE_COMPONENT","","","","","","","","",""
"4","C004-V002555","CENTER","5100","9856","spine_02:3005.916606|chest:2044.885540|clavicle.R:44.248128|upper_arm.R:4.949726","CROSSES_CENTER_PLANE","","","","","","","","",""
"5","C005-V003089","RIGHT","2426","4631","clavicle.R:1193.059930|upper_arm.R:864.435694|chest:265.319224|spine_02:103.185150","","","","","","","","","",""
"6","C006-V010017","CENTER","3968","7579","thigh.R:2808.650199|spine_02:469.555189|spine_01:420.619353|pelvis:269.175267","CROSSES_CENTER_PLANE","","","","","","","","",""
"7","C007-V010972","CENTER","4587","8837","thigh.L:1814.228970|spine_01:1662.207690|spine_02:839.015506|pelvis:269.594332|thumb_01.L:1.953503","CROSSES_CENTER_PLANE","","","","","","","","",""
"8","C008-V013520","RIGHT","1542","2909","spine_01:1048.648907|thigh.R:360.907703|spine_02:132.443388","","","","","","","","","",""
"9","C009-V014026","CENTER","538","966","head:418.252522|neck:119.747477","CROSSES_CENTER_PLANE","","","","","","","","",""
"10","C010-V016641","RIGHT","3842","7398","upper_arm.R:2507.667892|chest:754.598932|forearm.R:233.334302|spine_02:229.876417|clavicle.R:116.522459","","","","","","","","","",""
"11","C011-V018149","LEFT","4015","7678","clavicle.L:1564.161203|upper_arm.L:1290.693462|head:993.527701|neck:97.720775|chest:49.608348|spine_02:19.288512","","","","","","","","","",""
"12","C012-V022173","RIGHT","2304","4308","clavicle.R:1157.796948|head:621.020352|upper_arm.R:491.261240|neck:33.921461","","","","","","","","","",""
"13","C013-V023728","CENTER","142","235","head:140.521606|neck:1.478394","CROSSES_CENTER_PLANE","","","","","","","","",""
"14","C014-V023749","LEFT","134","212","head:134.000000","","","","","","","","","",""
"15","C015-V025393","RIGHT","660","1176","head:660.000000","","","","","","","","","",""
"16","C016-V025517","RIGHT","6237","12025","foot.R:3476.619888|shin.R:2419.716120|toe.R:340.664000","","","","","","","","","",""
"17","C017-V025520","RIGHT","4674","9046","foot.R:4051.113333|toe.R:417.888000|shin.R:204.998669","","","","","","","","","",""
"18","C018-V026402","CENTER","510","890","head:510.000000","CROSSES_CENTER_PLANE","","","","","","","","",""
"19","C019-V027428","RIGHT","4201","8084","shin.R:3458.660815|thigh.R:742.339188","","","","","","","","","",""
"20","C020-V028460","CENTER","4604","8824","head:4604.000000","CROSSES_CENTER_PLANE","","","","","","","","",""
"21","C021-V028545","LEFT","4756","9134","foot.L:2947.435258|shin.L:1808.564761","","","","","","","","","",""
"22","C022-V028563","LEFT","4915","9452","foot.L:3426.866025|shin.L:1059.840978|toe.L:428.292999","","","","","","","","","",""
"23","C023-V028676","LEFT","4018","7704","shin.L:3392.815143|thigh.L:625.184858","","","","","","","","","",""
"24","C024-V031619","RIGHT","6043","11569","head:6026.393809|neck:16.606189","","","","","","","","","",""
"25","C025-V035147","RIGHT","3","1","head:3.000000","VERY_SMALL_COMPONENT","","","","","","","","",""
"26","C026-V035853","CENTER","6251","12068","thigh.L:5336.240770|pelvis:910.549155|spine_01:4.210072","CROSSES_CENTER_PLANE","","","","","","","","",""
"27","C027-V035864","LEFT","3151","6036","thigh.L:3151.000000","","","","","","","","","",""
"28","C028-V039815","RIGHT","130","210","spine_02:83.550515|spine_01:46.449485","","","","","","","","","",""
"29","C029-V039824","LEFT","4347","8302","thigh.L:2635.759714|spine_02:945.551331|spine_01:765.476744|index_03.L:0.212216","","","","","","","","","",""
"30","C030-V039826","RIGHT","1997","3735","spine_02:1968.966285|chest:27.263472|upper_arm.R:0.657706|clavicle.R:0.112541","","","","","","","","","",""
"31","C031-V042107","RIGHT","1336","2512","upper_arm.R:1090.302675|clavicle.R:171.091044|chest:53.719436|spine_02:20.886859","","","","","","","","","",""
"32","C032-V042946","LEFT","2561","4863","thigh.L:1298.311000|shin.L:1262.689000","","","","","","","","","",""
"33","C033-V044956","LEFT","3025","5766","shin.L:1554.507348|thigh.L:1470.492653","","","","","","","","","",""
"34","C034-V045953","RIGHT","120","190","head:115.390740|clavicle.R:4.609260","","","","","","","","","",""
"35","C035-V047387","RIGHT","6623","12802","forearm.R:3864.107652|upper_arm.R:2176.733466|chest:339.896327|spine_02:132.158185|clavicle.R:110.104428","","","","","","","","","",""
"36","C036-V047395","RIGHT","1765","3317","forearm.R:863.419108|upper_arm.R:446.678454|chest:257.176266|spine_02:100.019401|clavicle.R:97.706773","","","","","","","","","",""
"37","C037-V048519","RIGHT","3076","5902","shin.R:1726.753154|thigh.R:1349.246850","","","","","","","","","",""
"38","C038-V050391","RIGHT","1915","3635","shin.R:1056.678000|thigh.R:858.322000","","","","","","","","","",""
"39","C039-V050562","RIGHT","3090","5880","thigh.R:3089.981656|index_02.R:0.018344","","","","","","","","","",""
"40","C040-V051674","LEFT","3","1","head:3.000000","VERY_SMALL_COMPONENT","","","","","","","","",""
"41","C041-V053474","RIGHT","3","1","upper_arm.R:3.000000","VERY_SMALL_COMPONENT","","","","","","","","",""
"42","C042-V054704","LEFT","2966","5611","spine_02:2731.475841|chest:234.524159","","","","","","","","","",""
"43","C043-V055315","RIGHT","3","1","head:3.000000","VERY_SMALL_COMPONENT","","","","","","","","",""
"44","C044-V056447","RIGHT","811","1482","spine_01:432.873296|spine_02:193.876327|thigh.R:184.250392","","","","","","","","","",""
"45","C045-V059882","LEFT","4025","7711","forearm.L:2304.970225|upper_arm.L:953.269350|chest:429.545565|clavicle.L:170.176140|spine_02:167.038735","","","","","","","","","",""
"46","C046-V059889","LEFT","3015","5723","forearm.L:1921.533845|upper_arm.L:1085.158279|clavicle.L:6.733740|chest:1.132906|spine_02:0.441243","","","","","","","","","",""
"47","C047-V067764","LEFT","250","407","chest:120.594579|spine_02:104.554750|upper_arm.L:20.376177|clavicle.L:4.474495","","","","","","","","","",""
"48","C048-V068836","CENTER","5289","10194","thigh.R:3499.727584|spine_01:850.086090|pelvis:735.019458|spine_02:204.166883","CROSSES_CENTER_PLANE","","","","","","","","",""
"49","C049-V070515","RIGHT","708","1237","forearm.R:708.000000","","","","","","","","","",""
"50","C050-V070533","LEFT","1345","2510","forearm.L:1343.887319|thumb_01.L:1.112681","","","","","","","","","",""
"51","C051-V071993","RIGHT","1213","2231","thigh.R:1133.698071|thumb_01.R:78.082786|thumb_02.R:1.219141","","","","","","","","","",""
"52","C052-V072647","RIGHT","2780","5253","clavicle.R:1902.947678|head:525.932670|chest:224.392449|spine_02:79.295356|neck:25.662270|upper_arm.R:19.654771|clavicle.L:2.114808","","","","","","","","","",""
"53","C053-V074931","RIGHT","5654","10866","forearm.R:2311.925071|pinky_01.R:764.374219|pinky_02.R:575.828478|thumb_02.R:501.055570|index_01.R:438.905159|pinky_03.R:431.077241|hand.R:339.099931|thumb_01.R:199.486018","","","","","","","","","",""
"54","C054-V078402","CENTER","2930","5529","head:1944.646360|clavicle.L:702.995507|neck:280.884724|clavicle.R:1.473408","CROSSES_CENTER_PLANE","","","","","","","","",""
"55","C055-V080937","LEFT","20","21","spine_02:20.000000","VERY_SMALL_COMPONENT","","","","","","","","",""
"56","C056-V082354","LEFT","3","1","spine_02:3.000000","VERY_SMALL_COMPONENT","","","","","","","","",""
"57","C057-V084022","LEFT","84","137","clavicle.L:40.933038|head:35.795846|neck:7.271117","VERY_SMALL_COMPONENT","","","","","","","","",""
"58","C058-V086343","RIGHT","274","456","forearm.R:271.382007|thumb_01.R:2.617993","","","","","","","","","",""
"59","C059-V089359","LEFT","5347","10236","forearm.L:1876.182740|pinky_01.L:692.959405|pinky_03.L:530.977589|hand.L:489.665028|pinky_02.L:489.616354|thumb_02.L:447.031276|index_01.L:347.977397|thumb_01.L:149.865136","","","","","","","","","",""
"60","C060-V090276","RIGHT","3","1","shin.R:3.000000","VERY_SMALL_COMPONENT","","","","","","","","",""
"61","C061-V092550","RIGHT","1380","2551","spine_02:1170.621763|chest:209.378237","","","","","","","","","",""
"62","C062-V093695","RIGHT","698","1262","forearm.R:509.946400|hand.R:113.289701|thumb_01.R:59.419040|index_01.R:12.857994|middle_01.R:1.991226|thumb_02.R:0.317350|pinky_01.R:0.178290","","","","","","","","","",""
"63","C063-V095347","RIGHT","197","345","thumb_01.R:153.885913|forearm.R:43.114087","","","","","","","","","",""
"64","C064-V096836","RIGHT","226","378","thigh.R:226.000000","","","","","","","","","",""
"65","C065-V098930","CENTER","1323","2436","clavicle.L:986.178804|chest:170.726970|neck:56.826418|spine_02:54.056861|head:46.412318|clavicle.R:8.798634","CROSSES_CENTER_PLANE","","","","","","","","",""
"66","C066-V100027","RIGHT","48","59","forearm.R:48.000000","VERY_SMALL_COMPONENT","","","","","","","","",""
"67","C067-V100510","RIGHT","137","218","upper_arm.R:132.226597|clavicle.R:3.781567|chest:0.714883|spine_02:0.276953","","","","","","","","","",""
"68","C068-V102202","LEFT","1047","1908","upper_arm.L:437.007934|chest:397.639970|spine_02:154.626173|clavicle.L:57.725922","","","","","","","","","",""
"69","C069-V103352","RIGHT","65","95","thumb_01.R:65.000000","VERY_SMALL_COMPONENT","","","","","","","","",""
"70","C070-V105074","RIGHT","52","82","thumb_01.R:52.000000","VERY_SMALL_COMPONENT","","","","","","","","",""
"71","C071-V107569","LEFT","3","1","upper_arm.L:3.000000","VERY_SMALL_COMPONENT","","","","","","","","",""
"72","C072-V107930","LEFT","3","1","foot.L:3.000000","VERY_SMALL_COMPONENT","","","","","","","","",""
"73","C073-V107938","LEFT","1473","2813","foot.L:1167.932000|toe.L:302.235999|shin.L:2.832000","","","","","","","","","",""
"74","C074-V108810","RIGHT","24","30","thumb_01.R:24.000000","VERY_SMALL_COMPONENT","","","","","","","","",""
"75","C075-V111177","LEFT","1921","3646","chest:1504.970696|spine_02:416.026242|upper_arm.L:0.003064","","","","","","","","","",""
"76","C076-V112702","RIGHT","1328","2457","spine_02:698.182968|spine_01:522.095936|thigh.R:107.721125","","","","","","","","","",""
"77","C077-V113130","RIGHT","3144","6041","chest:2398.313161|spine_02:524.086866|upper_arm.R:182.940992|clavicle.R:38.658981","","","","","","","","","",""
"78","C078-V114374","RIGHT","1324","2512","hand.R:391.141805|index_03.R:362.137554|middle_03.R:354.466288|pinky_03.R:160.266980|ring_03.R:54.649715|thumb_02.R:1.337655","","","","","","","","","",""
"79","C079-V118856","LEFT","1056","1957","middle_03.L:367.567899|index_03.L:284.973396|hand.L:270.770234|pinky_03.L:79.107474|ring_03.L:52.148503|index_02.L:1.432493","","","","","","","","","",""
"80","C080-V119076","CENTER","1306","2396","spine_01:845.881981|spine_02:224.720625|thigh.L:128.450570|pelvis:106.946838","CROSSES_CENTER_PLANE","","","","","","","","",""
"81","C081-V119281","LEFT","210","362","thumb_01.L:157.653551|forearm.L:52.346449","","","","","","","","","",""
"82","C082-V123750","RIGHT","763","1416","thigh.R:763.000000","","","","","","","","","",""
"83","C083-V123842","LEFT","11","11","thumb_01.L:11.000000","VERY_SMALL_COMPONENT","","","","","","","","",""
"84","C084-V126227","LEFT","5","3","thumb_01.L:5.000000","VERY_SMALL_COMPONENT","","","","","","","","",""
"85","C085-V127561","RIGHT","522","925","clavicle.R:230.814835|neck:149.631319|head:141.553845","","","","","","","","","",""
"86","C086-V127699","CENTER","3697","7086","head:3583.148513|neck:113.851512","CROSSES_CENTER_PLANE","","","","","","","","",""
"87","C087-V128662","LEFT","1137","2077","hand.L:179.312240|index_01.L:178.850556|forearm.L:150.063545|middle_03.L:132.119524|index_03.L:120.463059|ring_03.L:91.866294|ring_02.L:79.322184|pinky_03.L:71.251671","","","","","","","","","",""
"88","C088-V128680","LEFT","3","1","thumb_01.L:3.000000","VERY_SMALL_COMPONENT","","","","","","","","",""
"89","C089-V131306","RIGHT","160","275","index_01.R:64.390506|thumb_01.R:62.834753|thumb_02.R:32.774744","","","","","","","","","",""
"90","C090-V133696","LEFT","3","1","middle_03.L:2.204409|index_03.L:0.795591","VERY_SMALL_COMPONENT","","","","","","","","",""
"91","C091-V133740","RIGHT","1247","2319","thumb_02.R:327.240394|index_03.R:264.577715|pinky_03.R:158.674653|ring_02.R:137.589005|ring_03.R:135.893428|hand.R:97.747556|middle_03.R:86.671561|ring_01.R:23.444375","","","","","","","","","",""
"92","C092-V140831","RIGHT","3","1","forearm.R:3.000000","VERY_SMALL_COMPONENT","","","","","","","","",""
"93","C093-V141561","LEFT","573","1034","neck:325.413070|head:247.586909","","","","","","","","","",""
"94","C094-V145565","RIGHT","490","892","neck:439.255671|head:50.744317","","","","","","","","","",""
"95","C095-V146776","LEFT","101","173","thumb_02.L:70.022331|thumb_01.L:30.977670","","","","","","","","","",""
"96","C096-V148739","LEFT","153","264","thumb_02.L:99.660033|thumb_01.L:53.339970","","","","","","","","","",""
"97","C097-V148799","RIGHT","27","30","thumb_01.R:13.671040|index_01.R:11.951177|thumb_02.R:1.377783","VERY_SMALL_COMPONENT","","","","","","","","",""
"98","C098-V148800","RIGHT","55","90","index_01.R:38.653172|thumb_01.R:16.346829","VERY_SMALL_COMPONENT","","","","","","","","",""
"99","C099-V148810","LEFT","3","1","index_01.L:3.000000","VERY_SMALL_COMPONENT","","","","","","","","",""
"100","C100-V150928","LEFT","9","8","index_01.L:9.000000","VERY_SMALL_COMPONENT","","","","","","","","",""
"101","C101-V151564","LEFT","4","2","head:4.000000","VERY_SMALL_COMPONENT","","","","","","","","",""
"102","C102-V161362","LEFT","3","1","forearm.L:3.000000","VERY_SMALL_COMPONENT","","","","","","","","",""
"103","C103-V167183","LEFT","228","393","thumb_02.L:141.373568|thumb_01.L:83.023598|forearm.L:2.870999|index_02.L:0.731836","","","","","","","","","",""
"104","C104-V174307","CENTER","2939","5604","spine_02:1743.203137|chest:1195.796861","CROSSES_CENTER_PLANE","","","","","","","","",""
"105","C105-V177904","CENTER","1735","3277","spine_02:1365.923956|chest:369.076069","CROSSES_CENTER_PLANE","","","","","","","","",""
"106","C106-V190469","RIGHT","69","111","chest:49.680002|spine_02:19.320000","VERY_SMALL_COMPONENT","","","","","","","","",""
"107","C107-V190484","LEFT","84","140","chest:60.480002|spine_02:23.520000","VERY_SMALL_COMPONENT","","","","","","","","",""
"108","C108-V192344","RIGHT","63","97","chest:45.360002|spine_02:17.640000","VERY_SMALL_COMPONENT","","","","","","","","",""
"109","C109-V192356","LEFT","78","125","chest:56.160002|spine_02:21.840000","VERY_SMALL_COMPONENT","","","","","","","","",""
