component_id,stable_key,minimum_vertex_index,maximum_vertex_index,vertex_count,edge_count,face_count,triangle_count,surface_area_local,geometric_side_provisional,local_centroid_x,local_centroid_y,local_centroid_z,local_minimum_x,local_minimum_y,local_minimum_z,local_maximum_x,local_maximum_y,local_maximum_z,local_dimension_x,local_dimension_y,local_dimension_z,world_centroid_x,world_centroid_y,world_centroid_z,world_minimum_x,world_minimum_y,world_minimum_z,world_maximum_x,world_maximum_y,world_maximum_z,world_dimension_x,world_dimension_y,world_dimension_z,weighted_vertices,unweighted_vertices,average_influences_per_vertex,maximum_influences_per_vertex,vertices_over_4_influences,non_normalized_weight_vertices,total_assigned_weight,average_assigned_weight_per_vertex,left_group_weight_sum,right_group_weight_sum,center_group_weight_sum,cross_side_weight_ratio,dominant_groups,technical_flags,semantic_name,region,material_family,deformation_type,risk_level,action,evidence,target_parent,notes,contextual_image_file,context_views,detail_visual_scale_factor,semantic_classification_status
0,C000-V000000,0,61993,5639,16542,10896,10896,0.155678801,CENTER,0.163888461,0.217114859,0.649556858,-0.027011788,0.050238259,0.472366512,0.432714492,0.305789858,0.839448512,0.459726280,0.255551599,0.367082000,0.163888461,0.217114859,0.649556858,-0.027011788,0.050238259,0.472366512,0.432714492,0.305789858,0.839448512,0.459726280,0.255551599,0.367082000,5639,0,3.768221316,4,0,0,5639.000004080,1.000000001,2558.059565863,0.000000000,3080.940438217,,head:2354.746516|clavicle.L:1641.841698|upper_arm.L:916.217868|neck:392.055836|chest:242.070202|spine_02:92.067884,CROSSES_CENTER_PLANE,,,,,,,,,,images/C000-context.png,FRONT|BACK|LEFT|RIGHT|DETAIL,5.329258101,PENDING
1,C001-V000001,1,10783,1016,2918,1902,1902,0.027323289,CENTER,-0.064027666,0.267080687,0.565011282,-0.144949391,0.223757401,0.468307137,0.006415352,0.304515064,0.676253498,0.151364744,0.080757663,0.207946360,-0.064027666,0.267080687,0.565011282,-0.144949391,0.223757401,0.468307137,0.006415352,0.304515064,0.676253498,0.151364744,0.080757663,0.207946360,1016,0,3.194881890,4,0,0,1015.999999754,1.000000000,0.000000000,320.333134472,695.666865282,,head:486.994793|clavicle.R:320.333134|neck:106.357071|chest:73.669575|spine_02:28.645426,CROSSES_CENTER_PLANE,,,,,,,,,,images/C001-context.png,FRONT|BACK|LEFT|RIGHT|DETAIL,11.781884514,PENDING
2,C002-V000069,69,33312,2664,7751,5083,5083,0.065574276,RIGHT,-0.118634614,0.209846889,0.749935659,-0.231355205,0.119079329,0.605889142,-0.005513208,0.303894162,0.833298504,0.225841998,0.184814833,0.227409363,-0.118634614,0.209846889,0.749935659,-0.231355205,0.119079329,0.605889142,-0.005513208,0.303894162,0.833298504,0.225841998,0.184814833,0.227409363,2664,0,2.000000000,2,0,0,2664.000002615,1.000000001,0.000000000,0.000000000,2664.000002615,0.000000000,head:2344.179620|neck:319.820383,,,,,,,,,,,images/C002-context.png,FRONT|BACK|LEFT|RIGHT|DETAIL,10.773522998,PENDING
3,C003-V002278,2278,107570,11724,34610,22878,22878,0.322602899,CENTER,0.272940698,0.141446717,0.256298736,-0.012881044,-0.071325697,-0.013443111,0.507391036,0.260520786,0.505143464,0.520272080,0.331846483,0.518586575,0.272940698,0.141446717,0.256298736,-0.012881044,-0.071325697,-0.013443111,0.507391036,0.260520786,0.505143464,0.520272080,0.331846483,0.518586575,11724,0,2.556891846,4,0,0,11723.999997552,1.000000000,4640.143460452,0.000000000,7083.856537101,,upper_arm.L:3560.307967|spine_02:3555.856382|chest:3528.000155|forearm.L:882.167407|clavicle.L:197.668086,CROSSES_CENTER_PLANE|VERY_LARGE_COMPONENT,,,,,,,,,,images/C003-context.png,FRONT|BACK|LEFT|RIGHT|DETAIL,4.709074530,PENDING
4,C004-V002555,2555,64755,5100,14955,9856,9856,0.160533544,CENTER,-0.161663534,0.202177312,0.207811761,-0.296647251,0.042265017,-0.013784860,0.004071420,0.259713948,0.476658881,0.300718671,0.217448931,0.490443741,-0.161663534,0.202177312,0.207811761,-0.296647251,0.042265017,-0.013784860,0.004071420,0.259713948,0.476658881,0.300718671,0.217448931,0.490443741,5100,0,2.212352941,4,0,0,5100.000000813,1.000000000,0.000000000,49.197853991,5050.802146822,,spine_02:3005.916606|chest:2044.885540|clavicle.R:44.248128|upper_arm.R:4.949726,CROSSES_CENTER_PLANE,,,,,,,,,,images/C004-context.png,FRONT|BACK|LEFT|RIGHT|DETAIL,4.995476128,PENDING
5,C005-V003089,3089,60408,2426,7058,4631,4631,0.066593461,RIGHT,-0.278175803,0.172436641,0.561997821,-0.430775762,0.055956174,0.463190883,-0.117225617,0.259057045,0.681612551,0.313550144,0.203100871,0.218421668,-0.278175803,0.172436641,0.561997821,-0.430775762,0.055956174,0.463190883,-0.117225617,0.259057045,0.681612551,0.313550144,0.203100871,0.218421668,2426,0,2.199917560,4,0,0,2425.999998142,0.999999999,0.000000000,2057.495624600,368.504373542,0.000000000,clavicle.R:1193.059930|upper_arm.R:864.435694|chest:265.319224|spine_02:103.185150,,,,,,,,,,,images/C005-context.png,FRONT|BACK|LEFT|RIGHT|DETAIL,7.813742215,PENDING
6,C006-V010017,10017,81851,3968,11550,7579,7579,0.116275902,CENTER,-0.126851002,0.109140273,-0.280951962,-0.313560665,-0.007041485,-0.492518395,0.004298165,0.223652497,-0.011608294,0.317858830,0.230693982,0.480910101,-0.126851002,0.109140273,-0.280951962,-0.313560665,-0.007041485,-0.492518395,0.004298165,0.223652497,-0.011608294,0.317858830,0.230693982,0.480910101,3968,0,2.903225806,4,0,0,3968.000007574,1.000000002,0.000000000,2808.650199249,1159.349808325,,thigh.R:2808.650199|spine_02:469.555189|spine_01:420.619353|pelvis:269.175267,CROSSES_CENTER_PLANE,,,,,,,,,,images/C006-context.png,FRONT|BACK|LEFT|RIGHT|DETAIL,5.094507258,PENDING
7,C007-V010972,10972,79230,4587,13437,8837,8837,0.116546810,CENTER,0.153724981,0.127383366,-0.159471729,-0.010291039,0.000781346,-0.342235297,0.313460648,0.221975744,-0.005351931,0.323751687,0.221194398,0.336883366,0.153724981,0.127383366,-0.159471729,-0.010291039,0.000781346,-0.342235297,0.313460648,0.221975744,-0.005351931,0.323751687,0.221194398,0.336883366,4587,0,3.954872466,4,0,0,4587.000001846,1.000000000,1816.182472971,0.000000000,2770.817528875,,thigh.L:1814.228970|spine_01:1662.207690|spine_02:839.015506|pelvis:269.594332|thumb_01.L:1.953503,CROSSES_CENTER_PLANE,,,,,,,,,,images/C007-context.png,FRONT|BACK|LEFT|RIGHT|DETAIL,7.272546663,PENDING
8,C008-V013520,13520,82035,1542,4450,2909,2909,0.044692100,RIGHT,-0.205853854,0.129892189,-0.119581041,-0.310141176,-0.007157200,-0.212536082,-0.105659388,0.207509950,-0.007565223,0.204481788,0.214667150,0.204970859,-0.205853854,0.129892189,-0.119581041,-0.310141176,-0.007157200,-0.212536082,-0.105659388,0.207509950,-0.007565223,0.204481788,0.214667150,0.204970859,1542,0,3.000000000,3,0,0,1541.999997761,0.999999999,0.000000000,360.907702923,1181.092294838,0.000000000,spine_01:1048.648907|thigh.R:360.907703|spine_02:132.443388,,,,,,,,,,,images/C008-context.png,FRONT|BACK|LEFT|RIGHT|DETAIL,11.413017766,PENDING
9,C009-V014026,14026,35078,538,1506,966,966,0.009341950,CENTER,0.070470637,0.149214243,0.817161787,-0.000468627,0.113995105,0.790040076,0.139593199,0.209844485,0.835691154,0.140061826,0.095849380,0.045651078,0.070470637,0.149214243,0.817161787,-0.000468627,0.113995105,0.790040076,0.139593199,0.209844485,0.835691154,0.140061826,0.095849380,0.045651078,538,0,2.000000000,2,0,0,537.999998793,0.999999998,0.000000000,0.000000000,537.999998793,,head:418.252522|neck:119.747477,CROSSES_CENTER_PLANE,,,,,,,,,,images/C009-context.png,FRONT|BACK|LEFT|RIGHT|DETAIL,17.492275117,PENDING
10,C010-V016641,16641,83892,3842,11239,7398,7398,0.096193739,RIGHT,-0.375176332,0.104326588,0.314542901,-0.477860570,-0.013342939,0.140733063,-0.232166082,0.189498633,0.479931355,0.245694488,0.202841572,0.339198291,-0.375176332,0.104326588,0.314542901,-0.477860570,-0.013342939,0.140733063,-0.232166082,0.189498633,0.479931355,0.245694488,0.202841572,0.339198291,3842,0,2.600989068,4,0,0,3842.000001102,1.000000000,0.000000000,2857.524651808,984.475349294,0.000000000,upper_arm.R:2507.667892|chest:754.598932|forearm.R:233.334302|spine_02:229.876417|clavicle.R:116.522459,,,,,,,,,,,images/C010-context.png,FRONT|BACK|LEFT|RIGHT|DETAIL,7.222913743,PENDING
11,C011-V018149,18149,143466,4015,11701,7678,7678,0.100262633,LEFT,0.257338433,0.022844828,0.668649645,0.094086036,-0.136887595,0.495148033,0.432485521,0.183198556,0.837360859,0.338399485,0.320086151,0.342212826,0.257338433,0.022844828,0.668649645,0.094086036,-0.136887595,0.495148033,0.432485521,0.183198556,0.837360859,0.338399485,0.320086151,0.342212826,4015,0,3.110834371,4,0,0,4015.000001420,1.000000000,2854.854665131,0.000000000,1160.145336289,0.000000000,clavicle.L:1564.161203|upper_arm.L:1290.693462|head:993.527701|neck:97.720775|chest:49.608348|spine_02:19.288512,,,,,,,,,,,images/C011-context.png,FRONT|BACK|LEFT|RIGHT|DETAIL,7.159287478,PENDING
12,C012-V022173,22173,115431,2304,6617,4308,4308,0.052075084,RIGHT,-0.234382120,0.044439601,0.703909902,-0.377810866,-0.087269589,0.594934762,-0.094614066,0.160757989,0.824057817,0.283196799,0.248027578,0.229123056,-0.234382120,0.044439601,0.703909902,-0.377810866,-0.087269589,0.594934762,-0.094614066,0.160757989,0.824057817,0.283196799,0.248027578,0.229123056,2304,0,3.166232639,4,0,0,2304.000001980,1.000000001,0.000000000,1649.058188677,654.941813303,0.000000000,clavicle.R:1157.796948|head:621.020352|upper_arm.R:491.261240|neck:33.921461,,,,,,,,,,,images/C012-context.png,FRONT|BACK|LEFT|RIGHT|DETAIL,8.651227714,PENDING
13,C013-V023728,23728,28486,142,376,235,235,0.002384680,CENTER,-0.008870664,0.140889942,0.815683135,-0.028258696,0.126642168,0.790449977,0.016820425,0.157101542,0.847445309,0.045079121,0.030459374,0.056995332,-0.008870664,0.140889942,0.815683135,-0.028258696,0.126642168,0.790449977,0.016820425,0.157101542,0.847445309,0.045079121,0.030459374,0.056995332,142,0,1.992957746,2,0,0,141.999999983,1.000000000,0.000000000,0.000000000,141.999999983,,head:140.521606|neck:1.478394,CROSSES_CENTER_PLANE,,,,,,,,,,images/C013-context.png,FRONT|BACK|LEFT|RIGHT|DETAIL,42.985976284,PENDING
14,C014-V023749,23749,28412,134,346,212,212,0.001679382,LEFT,0.023449060,0.142678390,0.812822017,0.000302631,0.129341781,0.794294417,0.045259185,0.155577779,0.833831370,0.044956554,0.026235998,0.039536953,0.023449060,0.142678390,0.812822017,0.000302631,0.129341781,0.794294417,0.045259185,0.155577779,0.833831370,0.044956554,0.026235998,0.039536953,134,0,1.000000000,1,0,0,134.000000000,1.000000000,0.000000000,0.000000000,134.000000000,0.000000000,head:134.000000,,,,,,,,,,,images/C014-context.png,FRONT|BACK|LEFT|RIGHT|DETAIL,54.497059164,PENDING
15,C015-V025393,25393,63618,660,1840,1176,1176,0.010508551,RIGHT,-0.090638824,0.102950369,0.828621523,-0.140533060,0.045758713,0.775111318,-0.020886522,0.143751562,0.882991910,0.119646538,0.097992849,0.107880592,-0.090638824,0.102950369,0.828621523,-0.140533060,0.045758713,0.775111318,-0.020886522,0.143751562,0.882991910,0.119646538,0.097992849,0.107880592,660,0,1.000000000,1,0,0,660.000000000,1.000000000,0.000000000,0.000000000,660.000000000,0.000000000,head:660.000000,,,,,,,,,,,images/C015-context.png,FRONT|BACK|LEFT|RIGHT|DETAIL,20.476981950,PENDING
16,C016-V025517,25517,196513,6237,18281,12025,12025,0.133794753,RIGHT,-0.270853321,-0.067272845,-0.870200137,-0.377248943,-0.289093226,-0.993382037,-0.145502299,0.135680020,-0.727628529,0.231746644,0.424773246,0.265753508,-0.270853321,-0.067272845,-0.870200137,-0.377248943,-0.289093226,-0.993382037,-0.145502299,0.135680020,-0.727628529,0.231746644,0.424773246,0.265753508,6237,0,1.734968735,2,0,0,6237.000008958,1.000000001,0.000000000,6237.000008958,0.000000000,0.000000000,foot.R:3476.619888|shin.R:2419.716120|toe.R:340.664000,,,,,,,,,,,images/C016-context.png,FRONT|BACK|LEFT|RIGHT|DETAIL,5.767783218,PENDING
17,C017-V025520,25520,196846,4674,13733,9046,9046,0.104570071,RIGHT,-0.255106489,-0.065181455,-0.964049939,-0.393620461,-0.293784499,-0.999010146,-0.144554451,0.135680020,-0.799454629,0.249066010,0.429464519,0.199555516,-0.255106489,-0.065181455,-0.964049939,-0.393620461,-0.293784499,-0.999010146,-0.144554451,0.135680020,-0.799454629,0.249066010,0.429464519,0.199555516,4674,0,1.374197689,2,0,0,4674.000002112,1.000000000,0.000000000,4674.000002112,0.000000000,0.000000000,foot.R:4051.113333|toe.R:417.888000|shin.R:204.998669,,,,,,,,,,,images/C017-context.png,FRONT|BACK|LEFT|RIGHT|DETAIL,5.704778606,PENDING
18,C018-V026402,26402,55332,510,1402,890,890,0.008116342,CENTER,0.066550776,0.109536197,0.842078678,-0.020472785,0.067366213,0.790820897,0.117074624,0.136957601,0.882701874,0.137547409,0.069591388,0.091880977,0.066550776,0.109536197,0.842078678,-0.020472785,0.067366213,0.790820897,0.117074624,0.136957601,0.882701874,0.137547409,0.069591388,0.091880977,510,0,1.000000000,1,0,0,510.000000000,1.000000000,0.000000000,0.000000000,510.000000000,,head:510.000000,CROSSES_CENTER_PLANE,,,,,,,,,,images/C018-context.png,FRONT|BACK|LEFT|RIGHT|DETAIL,17.812040335,PENDING
19,C019-V027428,27428,110004,4201,12294,8084,8084,0.092293500,RIGHT,-0.207340243,0.082683065,-0.681954532,-0.336304188,-0.077406421,-0.816025078,-0.093542837,0.130366787,-0.484579623,0.242761351,0.207773209,0.331445456,-0.207340243,0.082683065,-0.681954532,-0.336304188,-0.077406421,-0.816025078,-0.093542837,0.130366787,-0.484579623,0.242761351,0.207773209,0.331445456,4201,0,1.472030469,2,0,0,4201.000003200,1.000000001,0.000000000,4201.000003200,0.000000000,0.000000000,shin.R:3458.660815|thigh.R:742.339188,,,,,,,,,,,images/C019-context.png,FRONT|BACK|LEFT|RIGHT|DETAIL,7.391864812,PENDING
20,C020-V028460,28460,155964,4604,13456,8824,8824,0.085277011,CENTER,0.061902702,-0.012699288,0.900880604,-0.044882763,-0.161486909,0.699674785,0.159471154,0.127946973,1.000000000,0.204353917,0.289433882,0.300325215,0.061902702,-0.012699288,0.900880604,-0.044882763,-0.161486909,0.699674785,0.159471154,0.127946973,1.000000000,0.204353917,0.289433882,0.300325215,4604,0,1.000000000,1,0,0,4604.000000000,1.000000000,0.000000000,0.000000000,4604.000000000,,head:4604.000000,CROSSES_CENTER_PLANE,,,,,,,,,,images/C020-context.png,FRONT|BACK|LEFT|RIGHT|DETAIL,8.157823182,PENDING
21,C021-V028545,28545,149964,4756,13915,9134,9134,0.100622744,LEFT,0.281184729,-0.020144460,-0.884847652,0.162746653,-0.155852541,-0.998690188,0.377133936,0.126723379,-0.727020681,0.214387283,0.282575920,0.271669507,0.281184729,-0.020144460,-0.884847652,0.162746653,-0.155852541,-0.998690188,0.377133936,0.126723379,-0.727020681,0.214387283,0.282575920,0.271669507,4756,0,1.459419680,2,0,0,4756.000019122,1.000000004,4756.000019122,0.000000000,0.000000000,0.000000000,foot.L:2947.435258|shin.L:1808.564761,,,,,,,,,,,images/C021-context.png,FRONT|BACK|LEFT|RIGHT|DETAIL,8.670236296,PENDING
22,C022-V028563,28563,196835,4915,14374,9452,9452,0.104222404,LEFT,0.216085146,-0.069368855,-0.905382624,0.137672484,-0.291221887,-0.999830008,0.340672523,0.127052322,-0.755195439,0.203000039,0.418274209,0.244634569,0.216085146,-0.069368855,-0.905382624,0.137672484,-0.291221887,-0.999830008,0.340672523,0.127052322,-0.755195439,0.203000039,0.418274209,0.244634569,4915,0,1.689114954,2,0,0,4915.000002301,1.000000000,4915.000002301,0.000000000,0.000000000,0.000000000,foot.L:3426.866025|shin.L:1059.840978|toe.L:428.292999,,,,,,,,,,,images/C022-context.png,FRONT|BACK|LEFT|RIGHT|DETAIL,5.857401551,PENDING
23,C023-V028676,28676,106343,4018,11731,7704,7704,0.087179835,LEFT,0.192535773,0.076828355,-0.684154809,0.090971507,-0.069415942,-0.807219505,0.332145810,0.125020623,-0.501222074,0.241174303,0.194436565,0.305997431,0.192535773,0.076828355,-0.684154809,0.090971507,-0.069415942,-0.807219505,0.332145810,0.125020623,-0.501222074,0.241174303,0.194436565,0.305997431,4018,0,1.546291687,2,0,0,4018.000000806,1.000000000,4018.000000806,0.000000000,0.000000000,0.000000000,shin.L:3392.815143|thigh.L:625.184858,,,,,,,,,,,images/C023-context.png,FRONT|BACK|LEFT|RIGHT|DETAIL,8.006603159,PENDING
24,C024-V031619,31619,197433,6043,17655,11569,11569,0.114209040,RIGHT,-0.086248727,-0.095277448,0.811081347,-0.157580465,-0.299405843,0.626161993,-0.015515242,0.119905196,0.989281595,0.142065223,0.419311039,0.363119602,-0.086248727,-0.095277448,0.811081347,-0.157580465,-0.299405843,0.626161993,-0.015515242,0.119905196,0.989281595,0.142065223,0.419311039,0.363119602,6043,0,1.122124772,2,0,0,6042.999998741,1.000000000,0.000000000,0.000000000,6042.999998741,0.000000000,head:6026.393809|neck:16.606189,,,,,,,,,,,images/C024-context.png,FRONT|BACK|LEFT|RIGHT|DETAIL,5.842917956,PENDING
25,C025-V035147,35147,35167,3,3,1,1,0.000008130,RIGHT,-0.054239233,0.111618129,0.881242851,-0.055902079,0.110849582,0.878552616,-0.051413164,0.112649307,0.882991910,0.004488915,0.001799725,0.004439294,-0.054239233,0.111618129,0.881242851,-0.055902079,0.110849582,0.878552616,-0.051413164,0.112649307,0.882991910,0.004488915,0.001799725,0.004439294,3,0,1.000000000,1,0,0,3.000000000,1.000000000,0.000000000,0.000000000,3.000000000,0.000000000,head:3.000000,VERY_SMALL_COMPONENT,,,,,,,,,,images/C025-context.png,FRONT|BACK|LEFT|RIGHT|DETAIL,545.788879520,PENDING
26,C026-V035853,35853,178683,6251,18327,12068,12068,0.143942278,CENTER,0.147384194,-0.108338791,-0.373783207,-0.005299021,-0.208628580,-0.500696182,0.336832076,0.109373651,-0.210880369,0.342131097,0.318002231,0.289815813,0.147384194,-0.108338791,-0.373783207,-0.005299021,-0.208628580,-0.500696182,0.336832076,0.109373651,-0.210880369,0.342131097,0.318002231,0.289815813,6251,0,1.706926892,3,0,0,6250.999997517,1.000000000,5336.240769938,0.000000000,914.759227580,,thigh.L:5336.240770|pelvis:910.549155|spine_01:4.210072,CROSSES_CENTER_PLANE,,,,,,,,,,images/C026-context.png,FRONT|BACK|LEFT|RIGHT|DETAIL,7.160997706,PENDING
27,C027-V035864,35864,118805,3151,9190,6036,6036,0.069861315,LEFT,0.274333755,0.035334422,-0.366055765,0.118569404,-0.097550504,-0.486802280,0.347142518,0.110094532,-0.185671195,0.228573114,0.207645036,0.301131085,0.274333755,0.035334422,-0.366055765,0.118569404,-0.097550504,-0.486802280,0.347142518,0.110094532,-0.185671195,0.228573114,0.207645036,0.301131085,3151,0,1.000000000,1,0,0,3151.000000000,1.000000000,3151.000000000,0.000000000,0.000000000,0.000000000,thigh.L:3151.000000,,,,,,,,,,,images/C027-context.png,FRONT|BACK|LEFT|RIGHT|DETAIL,8.135991685,PENDING
28,C028-V039815,39815,73515,130,339,210,210,0.002829254,RIGHT,-0.254648283,0.058538257,-0.021680939,-0.269334406,0.017263506,-0.056380086,-0.236487418,0.100284591,-0.001346268,0.032846987,0.083021086,0.055033818,-0.254648283,0.058538257,-0.021680939,-0.269334406,0.017263506,-0.056380086,-0.236487418,0.100284591,-0.001346268,0.032846987,0.083021086,0.055033818,130,0,2.000000000,2,0,0,130.000000149,1.000000001,0.000000000,0.000000000,130.000000149,0.000000000,spine_02:83.550515|spine_01:46.449485,,,,,,,,,,,images/C028-context.png,FRONT|BACK|LEFT|RIGHT|DETAIL,29.510575284,PENDING
29,C029-V039824,39824,193412,4347,12655,8302,8302,0.102739600,LEFT,0.259164513,-0.119287462,-0.145040571,0.026786305,-0.262935340,-0.342971206,0.347198516,0.100461066,0.008352427,0.320412211,0.363396406,0.351323633,0.259164513,-0.119287462,-0.145040571,0.026786305,-0.262935340,-0.342971206,0.347198516,0.100461066,0.008352427,0.320412211,0.363396406,0.351323633,4347,0,3.007821486,4,0,0,4347.000003970,1.000000001,2635.971929667,0.000000000,1711.028074304,0.000000000,thigh.L:2635.759714|spine_02:945.551331|spine_01:765.476744|index_03.L:0.212216,,,,,,,,,,,images/C029-context.png,FRONT|BACK|LEFT|RIGHT|DETAIL,6.741948898,PENDING
30,C030-V039826,39826,139236,1997,5732,3735,3735,0.042500484,RIGHT,-0.282235646,-0.019881877,0.095949481,-0.310027212,-0.129488677,-0.010104449,-0.245112106,0.095931351,0.247987702,0.064915106,0.225420028,0.258092152,-0.282235646,-0.019881877,0.095949481,-0.310027212,-0.129488677,-0.010104449,-0.245112106,0.095931351,0.247987702,0.064915106,0.225420028,0.258092152,1997,0,1.516775163,4,0,0,1997.000004255,1.000000002,0.000000000,0.770247213,1996.229757042,0.000000000,spine_02:1968.966285|chest:27.263472|upper_arm.R:0.657706|clavicle.R:0.112541,,,,,,,,,,,images/C030-context.png,FRONT|BACK|LEFT|RIGHT|DETAIL,9.492733434,PENDING
31,C031-V042107,42107,137606,1336,3847,2512,2512,0.033784543,RIGHT,-0.374752197,-0.030145270,0.538856545,-0.432573497,-0.122061864,0.470816731,-0.270627201,0.096352927,0.607010961,0.161946297,0.218414791,0.136194229,-0.374752197,-0.030145270,0.538856545,-0.432573497,-0.122061864,0.470816731,-0.270627201,0.096352927,0.607010961,0.161946297,0.218414791,0.136194229,1336,0,2.224550898,4,0,0,1336.000013595,1.000000010,0.000000000,1261.393718990,74.606294605,0.000000000,upper_arm.R:1090.302675|clavicle.R:171.091044|chest:53.719436|spine_02:20.886859,,,,,,,,,,,images/C031-context.png,FRONT|BACK|LEFT|RIGHT|DETAIL,11.217189045,PENDING
32,C032-V042946,42946,154285,2561,7425,4863,4863,0.058482975,LEFT,0.293288154,-0.027694156,-0.586574182,0.173312038,-0.160178930,-0.732677698,0.325644821,0.091265544,-0.477485687,0.152332783,0.251444474,0.255192012,0.293288154,-0.027694156,-0.586574182,0.173312038,-0.160178930,-0.732677698,0.325644821,0.091265544,-0.477485687,0.152332783,0.251444474,0.255192012,2561,0,1.471690746,2,0,0,2560.999999282,1.000000000,2560.999999282,0.000000000,0.000000000,0.000000000,thigh.L:1298.311000|shin.L:1262.689000,,,,,,,,,,,images/C032-context.png,FRONT|BACK|LEFT|RIGHT|DETAIL,9.600614003,PENDING
33,C033-V044956,44956,156346,3025,8790,5766,5766,0.071239150,LEFT,0.145689648,-0.064457217,-0.591883963,0.072466932,-0.163807377,-0.757098079,0.259635895,0.087102361,-0.479282409,0.187168963,0.250909738,0.277815670,0.145689648,-0.064457217,-0.591883963,0.072466932,-0.163807377,-0.757098079,0.259635895,0.087102361,-0.479282409,0.187168963,0.250909738,0.277815670,3025,0,1.536528926,2,0,0,3025.000001091,1.000000000,3025.000001091,0.000000000,0.000000000,0.000000000,shin.L:1554.507348|thigh.L:1470.492653,,,,,,,,,,,images/C033-context.png,FRONT|BACK|LEFT|RIGHT|DETAIL,8.818797017,PENDING
34,C034-V045953,45953,71131,120,310,190,190,0.001898990,RIGHT,-0.144000503,0.055810050,0.763622092,-0.158490330,0.027252438,0.742524207,-0.134444997,0.088150755,0.783702016,0.024045333,0.060898317,0.041177809,-0.144000503,0.055810050,0.763622092,-0.158490330,0.027252438,0.742524207,-0.134444997,0.088150755,0.783702016,0.024045333,0.060898317,0.041177809,120,0,2.000000000,2,0,0,119.999999758,0.999999998,0.000000000,4.609259602,115.390740156,0.000000000,head:115.390740|clavicle.R:4.609260,,,,,,,,,,,images/C034-context.png,FRONT|BACK|LEFT|RIGHT|DETAIL,40.230996844,PENDING
35,C035-V047387,47387,177839,6623,19431,12802,12802,0.171393322,RIGHT,-0.432278191,-0.077130239,0.182850144,-0.531260431,-0.204425260,-0.008628871,-0.260720730,0.082162336,0.484581620,0.270539701,0.286587596,0.493210491,-0.432278191,-0.077130239,0.182850144,-0.531260431,-0.204425260,-0.008628871,-0.260720730,0.082162336,0.484581620,0.270539701,0.286587596,0.493210491,6623,0,1.975690775,4,0,0,6623.000056361,1.000000009,0.000000000,6150.945544667,472.054511693,0.000000000,forearm.R:3864.107652|upper_arm.R:2176.733466|chest:339.896327|spine_02:132.158185|clavicle.R:110.104428,,,,,,,,,,,images/C035-context.png,FRONT|BACK|LEFT|RIGHT|DETAIL,4.967453138,PENDING
36,C036-V047395,47395,126586,1765,5087,3317,3317,0.040693456,RIGHT,-0.349139419,-0.000839420,0.093395868,-0.431407690,-0.108030967,-0.005047521,-0.276644319,0.082635768,0.241346717,0.154763371,0.190666735,0.246394238,-0.349139419,-0.000839420,0.093395868,-0.431407690,-0.108030967,-0.005047521,-0.276644319,0.082635768,0.241346717,0.154763371,0.190666735,0.246394238,1765,0,2.588668555,4,0,0,1765.000002239,1.000000001,0.000000000,1407.804335535,357.195666704,0.000000000,forearm.R:863.419108|upper_arm.R:446.678454|chest:257.176266|spine_02:100.019401|clavicle.R:97.706773,,,,,,,,,,,images/C036-context.png,FRONT|BACK|LEFT|RIGHT|DETAIL,9.943414362,PENDING
37,C037-V048519,48519,156272,3076,8981,5902,5902,0.076144993,RIGHT,-0.141797651,-0.054293005,-0.602448502,-0.255421519,-0.165135175,-0.755745232,-0.073625073,0.079260066,-0.484195679,0.181796446,0.244395241,0.271549553,-0.141797651,-0.054293005,-0.602448502,-0.255421519,-0.165135175,-0.755745232,-0.073625073,0.079260066,-0.484195679,0.181796446,0.244395241,0.271549553,3076,0,1.563394018,2,0,0,3076.000003924,1.000000001,0.000000000,3076.000003924,0.000000000,0.000000000,shin.R:1726.753154|thigh.R:1349.246850,,,,,,,,,,,images/C037-context.png,FRONT|BACK|LEFT|RIGHT|DETAIL,9.022294369,PENDING
38,C038-V050391,50391,154241,1915,5551,3635,3635,0.047659727,RIGHT,-0.299508527,-0.046066239,-0.600103492,-0.336304188,-0.159849972,-0.735177398,-0.254101723,0.075091600,-0.489380866,0.082202464,0.234941572,0.245796531,-0.299508527,-0.046066239,-0.600103492,-0.336304188,-0.159849972,-0.735177398,-0.254101723,0.075091600,-0.489380866,0.082202464,0.234941572,0.245796531,1915,0,1.527415144,2,0,0,1915.000000000,1.000000000,0.000000000,1915.000000000,0.000000000,0.000000000,shin.R:1056.678000|thigh.R:858.322000,,,,,,,,,,,images/C038-context.png,FRONT|BACK|LEFT|RIGHT|DETAIL,9.967593870,PENDING
39,C039-V050562,50562,158599,3090,8977,5880,5880,0.063553994,RIGHT,-0.319012137,-0.031479413,-0.374855965,-0.353946507,-0.170663342,-0.505490422,-0.225900039,0.074902922,-0.185988128,0.128046468,0.245566264,0.319502294,-0.319012137,-0.031479413,-0.374855965,-0.353946507,-0.170663342,-0.505490422,-0.225900039,0.074902922,-0.185988128,0.128046468,0.245566264,0.319502294,3090,0,1.000647249,2,0,0,3089.999999951,1.000000000,0.000000000,3089.999999951,0.000000000,0.000000000,thigh.R:3089.981656|index_02.R:0.018344,,,,,,,,,,,images/C039-context.png,FRONT|BACK|LEFT|RIGHT|DETAIL,7.668176553,PENDING
40,C040-V051674,51674,53570,3,3,1,1,0.000010927,LEFT,0.105794013,0.072230272,0.847176691,0.104772501,0.070695505,0.845624626,0.106823191,0.075086035,0.850211918,0.002050690,0.004390530,0.004587293,0.105794013,0.072230272,0.847176691,0.104772501,0.070695505,0.845624626,0.106823191,0.075086035,0.850211918,0.002050690,0.004390530,0.004587293,3,0,1.000000000,1,0,0,3.000000000,1.000000000,0.000000000,0.000000000,3.000000000,0.000000000,head:3.000000,VERY_SMALL_COMPONENT,,,,,,,,,,images/C040-context.png,FRONT|BACK|LEFT|RIGHT|DETAIL,534.084083054,PENDING
41,C041-V053474,53474,55239,3,3,1,1,0.000013924,RIGHT,-0.153156141,0.073592077,0.767122904,-0.154341966,0.070565738,0.765540838,-0.150984466,0.075246423,0.769998133,0.003357500,0.004680686,0.004457295,-0.153156141,0.073592077,0.767122904,-0.154341966,0.070565738,0.765540838,-0.150984466,0.075246423,0.769998133,0.003357500,0.004680686,0.004457295,3,0,1.000000000,1,0,0,3.000000000,1.000000000,0.000000000,3.000000000,0.000000000,0.000000000,upper_arm.R:3.000000,VERY_SMALL_COMPONENT,,,,,,,,,,images/C041-context.png,FRONT|BACK|LEFT|RIGHT|DETAIL,523.427582529,PENDING
42,C042-V054704,54704,191918,2966,8580,5611,5611,0.067577689,LEFT,0.256257984,-0.104730800,0.093126647,0.121961877,-0.253864706,-0.009699006,0.303750157,0.067312323,0.298687965,0.181788281,0.321177028,0.308386970,0.256257984,-0.104730800,0.093126647,0.121961877,-0.253864706,-0.009699006,0.303750157,0.067312323,0.298687965,0.181788281,0.321177028,0.308386970,2966,0,2.000000000,2,0,0,2966.000000142,1.000000000,0.000000000,0.000000000,2966.000000142,0.000000000,spine_02:2731.475841|chest:234.524159,,,,,,,,,,,images/C042-context.png,FRONT|BACK|LEFT|RIGHT|DETAIL,7.628191886,PENDING
43,C043-V055315,55315,57015,3,3,1,1,0.000003400,RIGHT,-0.124115234,0.065375455,0.825956921,-0.124783464,0.063039474,0.823936880,-0.123364680,0.067487098,0.829133093,0.001418784,0.004447624,0.005196214,-0.124115234,0.065375455,0.825956921,-0.124783464,0.063039474,0.823936880,-0.123364680,0.067487098,0.829133093,0.001418784,0.004447624,0.005196214,3,0,1.000000000,1,0,0,3.000000000,1.000000000,0.000000000,0.000000000,3.000000000,0.000000000,head:3.000000,VERY_SMALL_COMPONENT,,,,,,,,,,images/C043-context.png,FRONT|BACK|LEFT|RIGHT|DETAIL,471.497157540,PENDING
44,C044-V056447,56447,140885,811,2293,1482,1482,0.020528563,RIGHT,-0.278855184,-0.039682525,-0.069609973,-0.297919065,-0.133548036,-0.148704812,-0.252666950,0.062847011,0.002232884,0.045252115,0.196395047,0.150937696,-0.278855184,-0.039682525,-0.069609973,-0.297919065,-0.133548036,-0.148704812,-0.252666950,0.062847011,0.002232884,0.045252115,0.196395047,0.150937696,811,0,3.000000000,3,0,0,811.000014514,1.000000018,0.000000000,184.250392318,626.749622196,0.000000000,spine_01:432.873296|spine_02:193.876327|thigh.R:184.250392,,,,,,,,,,,images/C044-context.png,FRONT|BACK|LEFT|RIGHT|DETAIL,12.474856354,PENDING
45,C045-V059882,59882,177825,4025,11740,7711,7711,0.092300115,LEFT,0.371781667,-0.093240696,0.131626707,0.266263872,-0.204352260,-0.008490993,0.499037355,0.053056188,0.351103932,0.232773483,0.257408448,0.359594924,0.371781667,-0.093240696,0.131626707,0.266263872,-0.204352260,-0.008490993,0.499037355,0.053056188,0.351103932,0.232773483,0.257408448,0.359594924,4025,0,2.283726708,4,0,0,4025.000015174,1.000000004,3428.415715161,0.000000000,596.584300013,0.000000000,forearm.L:2304.970225|upper_arm.L:953.269350|chest:429.545565|clavicle.L:170.176140|spine_02:167.038735,,,,,,,,,,,images/C045-context.png,FRONT|BACK|LEFT|RIGHT|DETAIL,6.813221861,PENDING
46,C046-V059889,59889,163310,3015,8740,5723,5723,0.079099270,LEFT,0.476687356,-0.062939424,0.189926597,0.334770411,-0.179452062,-0.009009021,0.532439232,0.053447627,0.471996546,0.197668821,0.232899688,0.481005567,0.476687356,-0.062939424,0.189926597,0.334770411,-0.179452062,-0.009009021,0.532439232,0.053447627,0.471996546,0.197668821,0.232899688,0.481005567,3015,0,1.602321725,4,0,0,3015.000013464,1.000000004,3013.425864652,0.000000000,1.574148812,0.000000000,forearm.L:1921.533845|upper_arm.L:1085.158279|clavicle.L:6.733740|chest:1.132906|spine_02:0.441243,,,,,,,,,,,images/C046-context.png,FRONT|BACK|LEFT|RIGHT|DETAIL,5.093496141,PENDING
47,C047-V067764,67764,83790,250,657,407,407,0.004026417,LEFT,0.288022151,0.007210326,0.167489840,0.267830640,-0.009935418,0.120073207,0.317008108,0.033827312,0.224497288,0.049177468,0.043762730,0.104424082,0.288022151,0.007210326,0.167489840,0.267830640,-0.009935418,0.120073207,0.317008108,0.033827312,0.224497288,0.049177468,0.043762730,0.104424082,250,0,3.828000000,4,0,0,250.000001039,1.000000004,24.850671884,0.000000000,225.149329156,0.000000000,chest:120.594579|spine_02:104.554750|upper_arm.L:20.376177|clavicle.L:4.474495,,,,,,,,,,,images/C047-context.png,FRONT|BACK|LEFT|RIGHT|DETAIL,23.462021012,PENDING
48,C048-V068836,68836,194107,5289,15489,10194,10194,0.141839921,CENTER,-0.109064226,-0.151887733,-0.305417790,-0.299974740,-0.266744733,-0.505560398,0.004484367,0.030221421,0.007943229,0.304459107,0.296966154,0.513503627,-0.109064226,-0.151887733,-0.305417790,-0.299974740,-0.266744733,-0.505560398,0.004484367,0.030221421,0.007943229,0.304459107,0.296966154,0.513503627,5289,0,2.683683116,4,0,0,5289.000015160,1.000000003,0.000000000,3499.727584027,1789.272431133,,thigh.R:3499.727584|spine_01:850.086090|pelvis:735.019458|spine_02:204.166883,CROSSES_CENTER_PLANE,,,,,,,,,,images/C048-context.png,FRONT|BACK|LEFT|RIGHT|DETAIL,4.771144490,PENDING
49,C049-V070515,70515,174056,708,1944,1237,1237,0.013336024,RIGHT,-0.378675653,-0.079351192,-0.023071775,-0.470011801,-0.198920086,-0.058236219,-0.348230362,0.026183391,0.005722768,0.121781439,0.225103477,0.063958987,-0.378675653,-0.079351192,-0.023071775,-0.470011801,-0.198920086,-0.058236219,-0.348230362,0.026183391,0.005722768,0.121781439,0.225103477,0.063958987,708,0,1.000000000,1,0,0,708.000000000,1.000000000,0.000000000,708.000000000,0.000000000,0.000000000,forearm.R:708.000000,,,,,,,,,,,images/C049-context.png,FRONT|BACK|LEFT|RIGHT|DETAIL,10.883883414,PENDING
50,C050-V070533,70533,134206,1345,3857,2510,2510,0.028875739,LEFT,0.412489494,-0.058432380,-0.059684753,0.345642745,-0.123441592,-0.130014688,0.512078345,0.024925584,0.003264900,0.166435599,0.148367176,0.133279588,0.412489494,-0.058432380,-0.059684753,0.345642745,-0.123441592,-0.130014688,0.512078345,0.024925584,0.003264900,0.166435599,0.148367176,0.133279588,1345,0,1.024535316,2,0,0,1344.999999953,1.000000000,1344.999999953,0.000000000,0.000000000,0.000000000,forearm.L:1343.887319|thumb_01.L:1.112681,,,,,,,,,,,images/C050-context.png,FRONT|BACK|LEFT|RIGHT|DETAIL,14.720408434,PENDING
51,C051-V071993,71993,164497,1213,3450,2231,2231,0.024462216,RIGHT,-0.324158375,-0.082602491,-0.235196514,-0.350872993,-0.180819824,-0.330290109,-0.289598316,0.017148618,-0.127457067,0.061274678,0.197968442,0.202833042,-0.324158375,-0.082602491,-0.235196514,-0.350872993,-0.180819824,-0.330290109,-0.289598316,0.017148618,-0.127457067,0.061274678,0.197968442,0.202833042,1213,0,2.115416323,3,0,0,1212.999998459,0.999999999,0.000000000,1212.999998459,0.000000000,0.000000000,thigh.R:1133.698071|thumb_01.R:78.082786|thumb_02.R:1.219141,,,,,,,,,,,images/C051-context.png,FRONT|BACK|LEFT|RIGHT|DETAIL,12.078899874,PENDING
52,C052-V072647,72647,183450,2780,8033,5253,5253,0.072014549,RIGHT,-0.163184646,-0.109414675,0.620049885,-0.304881990,-0.221626699,0.485898405,-0.006594373,0.024823407,0.770203114,0.298287617,0.246450106,0.284304708,-0.163184646,-0.109414675,0.620049885,-0.304881990,-0.221626699,0.485898405,-0.006594373,0.024823407,0.770203114,0.298287617,0.246450106,0.284304708,2780,0,2.524100719,4,0,0,2780.000001636,1.000000001,2.114807758,1922.602448303,855.282745574,0.000760722,clavicle.R:1902.947678|head:525.932670|chest:224.392449|spine_02:79.295356|neck:25.662270|upper_arm.R:19.654771|clavicle.L:2.114808,,,,,,,,,,,images/C052-context.png,FRONT|BACK|LEFT|RIGHT|DETAIL,8.213549139,PENDING
53,C053-V074931,74931,192620,5654,16545,10866,10866,0.111427011,RIGHT,-0.427492901,-0.163846066,-0.125162205,-0.533111155,-0.256708264,-0.266242921,-0.313342720,0.012411914,0.008828821,0.219768435,0.269120178,0.275071742,-0.427492901,-0.163846066,-0.125162205,-0.533111155,-0.256708264,-0.266242921,-0.313342720,0.012411914,0.008828821,0.219768435,0.269120178,0.275071742,5654,0,3.432967810,4,0,0,5653.999998681,1.000000000,0.000000000,5653.999998681,0.000000000,0.000000000,forearm.R:2311.925071|pinky_01.R:764.374219|pinky_02.R:575.828478|thumb_02.R:501.055570|index_01.R:438.905159|pinky_03.R:431.077241|hand.R:339.099931|thumb_01.R:199.486018,,,,,,,,,,,images/C053-context.png,FRONT|BACK|LEFT|RIGHT|DETAIL,8.906767311,PENDING
54,C054-V078402,78402,178171,2930,8475,5529,5529,0.055100700,CENTER,0.101716435,-0.111986493,0.674958025,-0.022338601,-0.209431559,0.566353202,0.210564360,0.007466604,0.813419580,0.232902961,0.216898163,0.247066379,0.101716435,-0.111986493,0.674958025,-0.022338601,-0.209431559,0.566353202,0.210564360,0.007466604,0.813419580,0.232902961,0.216898163,0.247066379,2930,0,3.034812287,4,0,0,2929.999999596,1.000000000,702.995506860,1.473408421,2225.531084314,,head:1944.646360|clavicle.L:702.995507|neck:280.884724|clavicle.R:1.473408,CROSSES_CENTER_PLANE,,,,,,,,,,images/C054-context.png,FRONT|BACK|LEFT|RIGHT|DETAIL,9.916363424,PENDING
55,C055-V080937,80937,85199,20,40,21,21,0.000156179,LEFT,0.297090708,-0.009774749,0.151981986,0.295310438,-0.014664299,0.139851183,0.298597932,-0.003462108,0.160303056,0.003287494,0.011202191,0.020451874,0.297090708,-0.009774749,0.151981986,0.295310438,-0.014664299,0.139851183,0.298597932,-0.003462108,0.160303056,0.003287494,0.011202191,0.020451874,20,0,1.000000000,1,0,0,20.000000000,1.000000000,0.000000000,0.000000000,20.000000000,0.000000000,spine_02:20.000000,VERY_SMALL_COMPONENT,,,,,,,,,,images/C055-context.png,FRONT|BACK|LEFT|RIGHT|DETAIL,119.793426021,PENDING
56,C056-V082354,82354,83782,3,3,1,1,0.000002128,LEFT,0.296803882,-0.007684463,0.160074433,0.296577245,-0.009523083,0.159236223,0.296942204,-0.006575332,0.160694003,0.000364959,0.002947751,0.001457781,0.296803882,-0.007684463,0.160074433,0.296577245,-0.009523083,0.159236223,0.296942204,-0.006575332,0.160694003,0.000364959,0.002947751,0.001457781,3,0,1.000000000,1,0,0,3.000000000,1.000000000,0.000000000,0.000000000,3.000000000,0.000000000,spine_02:3.000000,VERY_SMALL_COMPONENT,,,,,,,,,,images/C056-context.png,FRONT|BACK|LEFT|RIGHT|DETAIL,831.142124091,PENDING
57,C057-V084022,84022,95907,84,220,137,137,0.001360866,LEFT,0.150019220,-0.025173551,0.714323015,0.137999430,-0.041904211,0.700235665,0.159332171,-0.006554002,0.739370763,0.021332741,0.035350209,0.039135098,0.150019220,-0.025173551,0.714323015,0.137999430,-0.041904211,0.700235665,0.159332171,-0.006554002,0.739370763,0.021332741,0.035350209,0.039135098,84,0,3.000000000,3,0,0,84.000000656,1.000000008,40.933037966,0.000000000,43.066962689,0.000000000,clavicle.L:40.933038|head:35.795846|neck:7.271117,VERY_SMALL_COMPONENT,,,,,,,,,,images/C057-context.png,FRONT|BACK|LEFT|RIGHT|DETAIL,62.603649833,PENDING
58,C058-V086343,86343,116899,274,732,456,456,0.003967659,RIGHT,-0.387867282,-0.062070938,-0.071731343,-0.447539240,-0.094308034,-0.095612720,-0.342812210,-0.022193525,-0.050121352,0.104727030,0.072114509,0.045491368,-0.387867282,-0.062070938,-0.071731343,-0.447539240,-0.094308034,-0.095612720,-0.342812210,-0.022193525,-0.050121352,0.104727030,0.072114509,0.045491368,274,0,1.343065693,2,0,0,274.000000013,1.000000000,0.000000000,274.000000013,0.000000000,0.000000000,forearm.R:271.382007|thumb_01.R:2.617993,,,,,,,,,,,images/C058-context.png,FRONT|BACK|LEFT|RIGHT|DETAIL,23.394151488,PENDING
59,C059-V089359,89359,192618,5347,15605,10236,10236,0.104770321,LEFT,0.425762935,-0.173800024,-0.142044247,0.316640168,-0.256835222,-0.287142724,0.533111155,-0.031705979,0.005745100,0.216470987,0.225129243,0.292887824,0.425762935,-0.173800024,-0.142044247,0.316640168,-0.256835222,-0.287142724,0.533111155,-0.031705979,0.005745100,0.216470987,0.225129243,0.292887824,5347,0,3.483635684,4,0,0,5347.000004059,1.000000001,5347.000004059,0.000000000,0.000000000,0.000000000,forearm.L:1876.182740|pinky_01.L:692.959405|pinky_03.L:530.977589|hand.L:489.665028|pinky_02.L:489.616354|thumb_02.L:447.031276|index_01.L:347.977397|thumb_01.L:149.865136,,,,,,,,,,,images/C059-context.png,FRONT|BACK|LEFT|RIGHT|DETAIL,8.364977299,PENDING
60,C060-V090276,90276,91782,3,3,1,1,0.000007588,RIGHT,-0.333683262,-0.033044821,-0.733129005,-0.334188521,-0.034432877,-0.735409319,-0.332819730,-0.030406790,-0.731929898,0.001368791,0.004026087,0.003479421,-0.333683262,-0.033044821,-0.733129005,-0.334188521,-0.034432877,-0.735409319,-0.332819730,-0.030406790,-0.731929898,0.001368791,0.004026087,0.003479421,3,0,1.000000000,1,0,0,3.000000000,1.000000000,0.000000000,3.000000000,0.000000000,0.000000000,shin.R:3.000000,VERY_SMALL_COMPONENT,,,,,,,,,,images/C060-context.png,FRONT|BACK|LEFT|RIGHT|DETAIL,608.531310777,PENDING
61,C061-V092550,92550,186858,1380,3930,2551,2551,0.034562073,RIGHT,-0.238913807,-0.148044270,0.110592658,-0.282203436,-0.237090260,-0.001768533,-0.137409538,-0.030683462,0.286255866,0.144793898,0.206406798,0.288024399,-0.238913807,-0.148044270,0.110592658,-0.282203436,-0.237090260,-0.001768533,-0.137409538,-0.030683462,0.286255866,0.144793898,0.206406798,0.288024399,1380,0,2.000000000,2,0,0,1380.000000268,1.000000000,0.000000000,0.000000000,1380.000000268,0.000000000,spine_02:1170.621763|chest:209.378237,,,,,,,,,,,images/C061-context.png,FRONT|BACK|LEFT|RIGHT|DETAIL,8.506223802,PENDING
62,C062-V093695,93695,152789,698,1965,1262,1262,0.012323494,RIGHT,-0.382448896,-0.112425430,-0.113561103,-0.455508024,-0.162599608,-0.175664708,-0.301539481,-0.041438889,-0.074463345,0.153968543,0.121160720,0.101201363,-0.382448896,-0.112425430,-0.113561103,-0.455508024,-0.162599608,-0.175664708,-0.301539481,-0.041438889,-0.074463345,0.153968543,0.121160720,0.101201363,698,0,2.710601719,4,0,0,698.000000760,1.000000001,0.000000000,698.000000760,0.000000000,0.000000000,forearm.R:509.946400|hand.R:113.289701|thumb_01.R:59.419040|index_01.R:12.857994|middle_01.R:1.991226|thumb_02.R:0.317350|pinky_01.R:0.178290,,,,,,,,,,,images/C062-context.png,FRONT|BACK|LEFT|RIGHT|DETAIL,15.912341282,PENDING
63,C063-V095347,95347,110658,197,542,345,345,0.001902158,RIGHT,-0.344283890,-0.061108594,-0.065149445,-0.361446351,-0.079053447,-0.097389646,-0.326867610,-0.044263165,-0.033870332,0.034578741,0.034790281,0.063519314,-0.344283890,-0.061108594,-0.065149445,-0.361446351,-0.079053447,-0.097389646,-0.326867610,-0.044263165,-0.033870332,0.034578741,0.034790281,0.063519314,197,0,2.000000000,2,0,0,197.000000060,1.000000000,0.000000000,197.000000060,0.000000000,0.000000000,thumb_01.R:153.885913|forearm.R:43.114087,,,,,,,,,,,images/C063-context.png,FRONT|BACK|LEFT|RIGHT|DETAIL,38.570945565,PENDING
64,C064-V096836,96836,148658,226,603,378,378,0.004718394,RIGHT,-0.294843997,-0.098970715,-0.144950187,-0.325442851,-0.150120512,-0.186906010,-0.261337638,-0.047966689,-0.123223707,0.064105213,0.102153823,0.063682303,-0.294843997,-0.098970715,-0.144950187,-0.325442851,-0.150120512,-0.186906010,-0.261337638,-0.047966689,-0.123223707,0.064105213,0.102153823,0.063682303,226,0,1.000000000,1,0,0,226.000000000,1.000000000,0.000000000,226.000000000,0.000000000,0.000000000,thigh.R:226.000000,,,,,,,,,,,images/C064-context.png,FRONT|BACK|LEFT|RIGHT|DETAIL,23.983439223,PENDING
65,C065-V098930,98930,183474,1323,3759,2436,2436,0.039635192,CENTER,0.127295723,-0.152673923,0.560253551,-0.017194185,-0.223263443,0.498545468,0.263280332,-0.048604678,0.645091116,0.280474517,0.174658764,0.146545649,0.127295723,-0.152673923,0.560253551,-0.017194185,-0.223263443,0.498545468,0.263280332,-0.048604678,0.645091116,0.280474517,0.174658764,0.146545649,1323,0,2.634920635,4,0,0,1323.000004453,1.000000003,986.178803563,8.798634030,328.022566860,,clavicle.L:986.178804|chest:170.726970|neck:56.826418|spine_02:54.056861|head:46.412318|clavicle.R:8.798634,CROSSES_CENTER_PLANE,,,,,,,,,,images/C065-context.png,FRONT|BACK|LEFT|RIGHT|DETAIL,8.735196416,PENDING
66,C066-V100027,100027,126376,48,106,59,59,0.000660163,RIGHT,-0.371825711,-0.080090143,-0.051810736,-0.382973075,-0.111782365,-0.060910907,-0.361446351,-0.055073209,-0.041835513,0.021526724,0.056709155,0.019075394,-0.371825711,-0.080090143,-0.051810736,-0.382973075,-0.111782365,-0.060910907,-0.361446351,-0.055073209,-0.041835513,0.021526724,0.056709155,0.019075394,48,0,1.000000000,1,0,0,48.000000000,1.000000000,0.000000000,48.000000000,0.000000000,0.000000000,forearm.R:48.000000,VERY_SMALL_COMPONENT,,,,,,,,,,images/C066-context.png,FRONT|BACK|LEFT|RIGHT|DETAIL,43.202900501,PENDING
67,C067-V100510,100510,127358,137,354,218,218,0.003348684,RIGHT,-0.373014167,-0.092306939,0.455468008,-0.400365412,-0.106395237,0.401274323,-0.338072926,-0.054410379,0.484867573,0.062292486,0.051984858,0.083593249,-0.373014167,-0.092306939,0.455468008,-0.400365412,-0.106395237,0.401274323,-0.338072926,-0.054410379,0.484867573,0.062292486,0.051984858,0.083593249,137,0,1.379562044,4,0,0,137.000000486,1.000000004,0.000000000,136.008164033,0.991836452,0.000000000,upper_arm.R:132.226597|clavicle.R:3.781567|chest:0.714883|spine_02:0.276953,,,,,,,,,,,images/C067-context.png,FRONT|BACK|LEFT|RIGHT|DETAIL,29.308586757,PENDING
68,C068-V102202,102202,155575,1047,2954,1908,1908,0.022065293,LEFT,0.314546176,-0.108859505,0.424117301,0.224398255,-0.161547840,0.298665971,0.400883317,-0.058447465,0.505750358,0.176485062,0.103100374,0.207084388,0.314546176,-0.108859505,0.424117301,0.224398255,-0.161547840,0.298665971,0.400883317,-0.058447465,0.505750358,0.176485062,0.103100374,0.207084388,1047,0,3.180515759,4,0,0,1046.999999722,1.000000000,494.733856063,0.000000000,552.266143658,0.000000000,upper_arm.L:437.007934|chest:397.639970|spine_02:154.626173|clavicle.L:57.725922,,,,,,,,,,,images/C068-context.png,FRONT|BACK|LEFT|RIGHT|DETAIL,11.830925687,PENDING
69,C069-V103352,103352,116851,65,159,95,95,0.000615454,RIGHT,-0.343773253,-0.078890105,-0.098030622,-0.356287152,-0.086026184,-0.109555796,-0.329444230,-0.066594742,-0.085824504,0.026842922,0.019431442,0.023731291,-0.343773253,-0.078890105,-0.098030622,-0.356287152,-0.086026184,-0.109555796,-0.329444230,-0.066594742,-0.085824504,0.026842922,0.019431442,0.023731291,65,0,1.000000000,1,0,0,65.000000000,1.000000000,0.000000000,65.000000000,0.000000000,0.000000000,thumb_01.R:65.000000,VERY_SMALL_COMPONENT,,,,,,,,,,images/C069-context.png,FRONT|BACK|LEFT|RIGHT|DETAIL,91.271732732,PENDING
70,C070-V105074,105074,116845,52,134,82,82,0.000412924,RIGHT,-0.331127480,-0.081683275,-0.106460346,-0.343666047,-0.086870462,-0.113216236,-0.324419022,-0.069445714,-0.094718657,0.019247025,0.017424747,0.018497579,-0.331127480,-0.081683275,-0.106460346,-0.343666047,-0.086870462,-0.113216236,-0.324419022,-0.069445714,-0.094718657,0.019247025,0.017424747,0.018497579,52,0,1.000000000,1,0,0,52.000000000,1.000000000,0.000000000,52.000000000,0.000000000,0.000000000,thumb_01.R:52.000000,VERY_SMALL_COMPONENT,,,,,,,,,,images/C070-context.png,FRONT|BACK|LEFT|RIGHT|DETAIL,127.292398072,PENDING
71,C071-V107569,107569,109376,3,3,1,1,0.000008579,LEFT,0.389448732,-0.072233096,0.502293905,0.387931317,-0.074823871,0.500895143,0.390417904,-0.070549719,0.504958451,0.002486587,0.004274152,0.004063308,0.389448732,-0.072233096,0.502293905,0.387931317,-0.074823871,0.500895143,0.390417904,-0.070549719,0.504958451,0.002486587,0.004274152,0.004063308,3,0,1.000000000,1,0,0,3.000000000,1.000000000,3.000000000,0.000000000,0.000000000,0.000000000,upper_arm.L:3.000000,VERY_SMALL_COMPONENT,,,,,,,,,,images/C071-context.png,FRONT|BACK|LEFT|RIGHT|DETAIL,573.213089824,PENDING
72,C072-V107930,107930,111660,3,3,1,1,0.000008487,LEFT,0.215325301,-0.080574279,-0.991594950,0.214489773,-0.084713981,-0.993709922,0.215971529,-0.076522529,-0.990508437,0.001481757,0.008191451,0.003201485,0.215325301,-0.080574279,-0.991594950,0.214489773,-0.084713981,-0.993709922,0.215971529,-0.076522529,-0.990508437,0.001481757,0.008191451,0.003201485,3,0,1.000000000,1,0,0,3.000000000,1.000000000,3.000000000,0.000000000,0.000000000,0.000000000,foot.L:3.000000,VERY_SMALL_COMPONENT,,,,,,,,,,images/C072-context.png,FRONT|BACK|LEFT|RIGHT|DETAIL,299.092294063,PENDING
73,C073-V107938,107938,196837,1473,4288,2813,2813,0.037335590,LEFT,0.344452501,-0.192231003,-0.969735654,0.227430791,-0.290988922,-1.000000000,0.392107636,-0.077715740,-0.891783535,0.164676845,0.213273183,0.108216465,0.344452501,-0.192231003,-0.969735654,0.227430791,-0.290988922,-1.000000000,0.392107636,-0.077715740,-0.891783535,0.164676845,0.213273183,0.108216465,1473,0,1.716225390,2,0,0,1472.999999431,1.000000000,1472.999999431,0.000000000,0.000000000,0.000000000,foot.L:1167.932000|toe.L:302.235999|shin.L:2.832000,,,,,,,,,,,images/C073-context.png,FRONT|BACK|LEFT|RIGHT|DETAIL,11.487614013,PENDING
74,C074-V108810,108810,116841,24,53,30,30,0.000232899,RIGHT,-0.335632003,-0.081466480,-0.098994392,-0.343944013,-0.086178467,-0.109290846,-0.328193456,-0.074527048,-0.087747611,0.015750557,0.011651419,0.021543235,-0.335632003,-0.081466480,-0.098994392,-0.343944013,-0.086178467,-0.109290846,-0.328193456,-0.074527048,-0.087747611,0.015750557,0.011651419,0.021543235,24,0,1.000000000,1,0,0,24.000000000,1.000000000,0.000000000,24.000000000,0.000000000,0.000000000,thumb_01.R:24.000000,VERY_SMALL_COMPONENT,,,,,,,,,,images/C074-context.png,FRONT|BACK|LEFT|RIGHT|DETAIL,113.724797924,PENDING
75,C075-V111177,111177,192092,1921,5567,3646,3646,0.058267154,LEFT,0.207091910,-0.184748641,0.348547545,0.105192445,-0.254924595,0.143001676,0.274655581,-0.078134440,0.511858463,0.169463135,0.176790155,0.368856788,0.207091910,-0.184748641,0.348547545,0.105192445,-0.254924595,0.143001676,0.274655581,-0.078134440,0.511858463,0.169463135,0.176790155,0.368856788,1921,0,2.001041124,3,0,0,1921.000000710,1.000000000,0.003063540,0.000000000,1920.996937171,0.000000000,chest:1504.970696|spine_02:416.026242|upper_arm.L:0.003064,,,,,,,,,,,images/C075-context.png,FRONT|BACK|LEFT|RIGHT|DETAIL,6.642144273,PENDING
76,C076-V112702,112702,194104,1328,3788,2457,2457,0.034605814,RIGHT,-0.182582781,-0.183694495,-0.057113690,-0.274877578,-0.266449809,-0.177363470,-0.018422099,-0.083718047,0.007854407,0.256455479,0.182731763,0.185217877,-0.182582781,-0.183694495,-0.057113690,-0.274877578,-0.266449809,-0.177363470,-0.018422099,-0.083718047,0.007854407,0.256455479,0.182731763,0.185217877,1328,0,3.000000000,3,0,0,1328.000028813,1.000000022,0.000000000,107.721125240,1220.278903574,0.000000000,spine_02:698.182968|spine_01:522.095936|thigh.R:107.721125,,,,,,,,,,,images/C076-context.png,FRONT|BACK|LEFT|RIGHT|DETAIL,9.553315093,PENDING
77,C077-V113130,113130,193821,3144,9184,6041,6041,0.094776944,RIGHT,-0.202046458,-0.178713099,0.372997839,-0.366758525,-0.261598557,0.138703331,-0.006620998,-0.079636805,0.500378191,0.360137527,0.181961752,0.361674860,-0.202046458,-0.178713099,0.372997839,-0.366758525,-0.261598557,0.138703331,-0.006620998,-0.079636805,0.500378191,0.360137527,0.181961752,0.361674860,3144,0,2.366730280,4,0,0,3144.000000860,1.000000000,0.000000000,221.599973183,2922.400027677,0.000000000,chest:2398.313161|spine_02:524.086866|upper_arm.R:182.940992|clavicle.R:38.658981,,,,,,,,,,,images/C077-context.png,FRONT|BACK|LEFT|RIGHT|DETAIL,6.774040084,PENDING
78,C078-V114374,114374,179898,1324,3842,2512,2512,0.022663926,RIGHT,-0.406226136,-0.145581381,-0.271857829,-0.475544930,-0.217771187,-0.299798787,-0.328776360,-0.091117494,-0.225496143,0.146768570,0.126653694,0.074302644,-0.406226136,-0.145581381,-0.271857829,-0.475544930,-0.217771187,-0.299798787,-0.328776360,-0.091117494,-0.225496143,0.146768570,0.126653694,0.074302644,1324,0,3.775679758,4,0,0,1323.999997573,0.999999998,0.000000000,1323.999997573,0.000000000,0.000000000,hand.R:391.141805|index_03.R:362.137554|middle_03.R:354.466288|pinky_03.R:160.266980|ring_03.R:54.649715|thumb_02.R:1.337655,,,,,,,,,,,images/C078-context.png,FRONT|BACK|LEFT|RIGHT|DETAIL,16.692947277,PENDING
79,C079-V118856,118856,171319,1056,3019,1957,1957,0.016990299,LEFT,0.403619438,-0.147808345,-0.269981743,0.345099837,-0.197220311,-0.297388166,0.472043455,-0.098880313,-0.232393071,0.126943618,0.098339997,0.064995095,0.403619438,-0.147808345,-0.269981743,0.345099837,-0.197220311,-0.297388166,0.472043455,-0.098880313,-0.232393071,0.126943618,0.098339997,0.064995095,1056,0,3.649621212,4,0,0,1055.999998586,0.999999999,1055.999998586,0.000000000,0.000000000,0.000000000,middle_03.L:367.567899|index_03.L:284.973396|hand.L:270.770234|pinky_03.L:79.107474|ring_03.L:52.148503|index_02.L:1.432493,,,,,,,,,,,images/C079-context.png,FRONT|BACK|LEFT|RIGHT|DETAIL,19.299906821,PENDING
80,C080-V119076,119076,193404,1306,3702,2396,2396,0.033462726,CENTER,0.068923778,-0.196652327,-0.144759417,-0.004966181,-0.264865041,-0.230298415,0.201879695,-0.096945614,0.008095305,0.206845876,0.167919427,0.238393720,0.068923778,-0.196652327,-0.144759417,-0.004966181,-0.264865041,-0.230298415,0.201879695,-0.096945614,0.008095305,0.206845876,0.167919427,0.238393720,1306,0,3.988514548,4,0,0,1306.000014543,1.000000011,128.450570323,0.000000000,1177.549444220,,spine_01:845.881981|spine_02:224.720625|thigh.L:128.450570|pelvis:106.946838,CROSSES_CENTER_PLANE,,,,,,,,,,images/C080-context.png,FRONT|BACK|LEFT|RIGHT|DETAIL,10.277116350,PENDING
81,C081-V119281,119281,133975,210,571,362,362,0.002370021,LEFT,0.350439879,-0.110722297,-0.123348725,0.315745294,-0.121598870,-0.144314498,0.401910156,-0.100872025,-0.101310059,0.086164862,0.020726845,0.043004438,0.350439879,-0.110722297,-0.123348725,0.315745294,-0.121598870,-0.144314498,0.401910156,-0.100872025,-0.101310059,0.086164862,0.020726845,0.043004438,210,0,2.000000000,2,0,0,209.999999538,0.999999998,209.999999538,0.000000000,0.000000000,0.000000000,thumb_01.L:157.653551|forearm.L:52.346449,,,,,,,,,,,images/C081-context.png,FRONT|BACK|LEFT|RIGHT|DETAIL,28.433864402,PENDING
82,C082-V123750,123750,173345,763,2178,1416,1416,0.016201271,RIGHT,-0.270752712,-0.170979500,-0.219670407,-0.320641577,-0.196086496,-0.321413487,-0.185071275,-0.109635681,-0.131838396,0.135570303,0.086450815,0.189575091,-0.270752712,-0.170979500,-0.219670407,-0.320641577,-0.196086496,-0.321413487,-0.185071275,-0.109635681,-0.131838396,0.135570303,0.086450815,0.189575091,763,0,1.000000000,1,0,0,763.000000000,1.000000000,0.000000000,763.000000000,0.000000000,0.000000000,thigh.R:763.000000,,,,,,,,,,,images/C082-context.png,FRONT|BACK|LEFT|RIGHT|DETAIL,12.923638791,PENDING
83,C083-V123842,123842,133930,11,21,11,11,0.000030165,LEFT,0.318441174,-0.114204808,-0.142000304,0.315580338,-0.116393656,-0.143666595,0.324820936,-0.110180609,-0.138852328,0.009240597,0.006213047,0.004814267,0.318441174,-0.114204808,-0.142000304,0.315580338,-0.116393656,-0.143666595,0.324820936,-0.110180609,-0.138852328,0.009240597,0.006213047,0.004814267,11,0,1.000000000,1,0,0,11.000000000,1.000000000,11.000000000,0.000000000,0.000000000,0.000000000,thumb_01.L:11.000000,VERY_SMALL_COMPONENT,,,,,,,,,,images/C083-context.png,FRONT|BACK|LEFT|RIGHT|DETAIL,265.134370757,PENDING
84,C084-V126227,126227,131271,5,7,3,3,0.000003768,LEFT,0.315873086,-0.114954677,-0.141469732,0.315580338,-0.116265677,-0.142732739,0.316456199,-0.113346122,-0.140427083,0.000875860,0.002919555,0.002305657,0.315873086,-0.114954677,-0.141469732,0.315580338,-0.116265677,-0.142732739,0.316456199,-0.113346122,-0.140427083,0.000875860,0.002919555,0.002305657,5,0,1.000000000,1,0,0,5.000000000,1.000000000,5.000000000,0.000000000,0.000000000,0.000000000,thumb_01.L:5.000000,VERY_SMALL_COMPONENT,,,,,,,,,,images/C084-context.png,FRONT|BACK|LEFT|RIGHT|DETAIL,839.169066188,PENDING
85,C085-V127561,127561,165807,522,1449,925,925,0.008670558,RIGHT,-0.062358637,-0.146531529,0.626182526,-0.119188324,-0.178760231,0.573172152,-0.011358676,-0.109174855,0.677484274,0.107829648,0.069585375,0.104312122,-0.062358637,-0.146531529,0.626182526,-0.119188324,-0.178760231,0.573172152,-0.011358676,-0.109174855,0.677484274,0.107829648,0.069585375,0.104312122,522,0,3.000000000,3,0,0,521.999999076,0.999999998,0.000000000,230.814835042,291.185164034,0.000000000,clavicle.R:230.814835|neck:149.631319|head:141.553845,,,,,,,,,,,images/C085-context.png,FRONT|BACK|LEFT|RIGHT|DETAIL,22.721023799,PENDING
86,C086-V127699,127699,197504,3697,10806,7086,7086,0.069320678,CENTER,0.038419004,-0.215684992,0.774905032,-0.043171924,-0.305789858,0.651648164,0.111040547,-0.109619804,0.950556576,0.154212471,0.196170054,0.298908412,0.038419004,-0.215684992,0.774905032,-0.043171924,-0.305789858,0.651648164,0.111040547,-0.109619804,0.950556576,0.154212471,0.196170054,0.298908412,3697,0,1.757370841,2,0,0,3697.000024736,1.000000007,0.000000000,0.000000000,3697.000024736,,head:3583.148513|neck:113.851512,CROSSES_CENTER_PLANE,,,,,,,,,,images/C086-context.png,FRONT|BACK|LEFT|RIGHT|DETAIL,8.196490624,PENDING
87,C087-V128662,128662,181336,1137,3219,2077,2077,0.020974946,LEFT,0.375454594,-0.168114826,-0.188743001,0.311085016,-0.224195197,-0.284165174,0.427976191,-0.117662460,-0.064040832,0.116891176,0.106532738,0.220124342,0.375454594,-0.168114826,-0.188743001,0.311085016,-0.224195197,-0.284165174,0.427976191,-0.117662460,-0.064040832,0.116891176,0.106532738,0.220124342,1137,0,3.519788918,4,0,0,1136.999999943,1.000000000,1136.999999943,0.000000000,0.000000000,0.000000000,hand.L:179.312240|index_01.L:178.850556|forearm.L:150.063545|middle_03.L:132.119524|index_03.L:120.463059|ring_03.L:91.866294|ring_02.L:79.322184|pinky_03.L:71.251671,,,,,,,,,,,images/C087-context.png,FRONT|BACK|LEFT|RIGHT|DETAIL,11.130073043,PENDING
88,C088-V128680,128680,133932,3,3,1,1,0.000001122,LEFT,0.316342890,-0.116099370,-0.142092173,0.315580338,-0.116393656,-0.142732739,0.316992134,-0.115638778,-0.141126990,0.001411796,0.000754878,0.001605749,0.316342890,-0.116099370,-0.142092173,0.315580338,-0.116393656,-0.142732739,0.316992134,-0.115638778,-0.141126990,0.001411796,0.000754878,0.001605749,3,0,1.000000000,1,0,0,3.000000000,1.000000000,3.000000000,0.000000000,0.000000000,0.000000000,thumb_01.L:3.000000,VERY_SMALL_COMPONENT,,,,,,,,,,images/C088-context.png,FRONT|BACK|LEFT|RIGHT|DETAIL,1525.767602079,PENDING
89,C089-V131306,131306,157182,160,437,275,275,0.001564239,RIGHT,-0.299570630,-0.145334151,-0.117507041,-0.317384094,-0.164870262,-0.127875015,-0.286836743,-0.122019790,-0.098509498,0.030547351,0.042850472,0.029365517,-0.299570630,-0.145334151,-0.117507041,-0.317384094,-0.164870262,-0.127875015,-0.286836743,-0.122019790,-0.098509498,0.030547351,0.042850472,0.029365517,160,0,3.000000000,3,0,0,160.000002861,1.000000018,0.000000000,160.000002861,0.000000000,0.000000000,index_01.R:64.390506|thumb_01.R:62.834753|thumb_02.R:32.774744,,,,,,,,,,,images/C089-context.png,FRONT|BACK|LEFT|RIGHT|DETAIL,57.175566190,PENDING
90,C090-V133696,133696,133714,3,3,1,1,0.000001186,LEFT,0.389068792,-0.122919649,-0.265439719,0.388460219,-0.122950643,-0.266418904,0.389798015,-0.122859657,-0.264336228,0.001337796,0.000090986,0.002082676,0.389068792,-0.122919649,-0.265439719,0.388460219,-0.122950643,-0.266418904,0.389798015,-0.122859657,-0.264336228,0.001337796,0.000090986,0.002082676,3,0,2.000000000,2,0,0,3.000000060,1.000000020,3.000000060,0.000000000,0.000000000,0.000000000,middle_03.L:2.204409|index_03.L:0.795591,VERY_SMALL_COMPONENT,,,,,,,,,,images/C090-context.png,FRONT|BACK|LEFT|RIGHT|DETAIL,1176.371340669,PENDING
91,C091-V133740,133740,190832,1247,3574,2319,2319,0.021893740,RIGHT,-0.374210650,-0.198050562,-0.239689835,-0.428011209,-0.252273917,-0.281889528,-0.328346401,-0.122831658,-0.155122861,0.099664807,0.129442260,0.126766667,-0.374210650,-0.198050562,-0.239689835,-0.428011209,-0.252273917,-0.281889528,-0.328346401,-0.122831658,-0.155122861,0.099664807,0.129442260,0.126766667,1247,0,3.825982358,4,0,0,1246.999998169,0.999999999,0.000000000,1246.999998169,0.000000000,0.000000000,thumb_02.R:327.240394|index_03.R:264.577715|pinky_03.R:158.674653|ring_02.R:137.589005|ring_03.R:135.893428|hand.R:97.747556|middle_03.R:86.671561|ring_01.R:23.444375,,,,,,,,,,,images/C091-context.png,FRONT|BACK|LEFT|RIGHT|DETAIL,18.927358084,PENDING
92,C092-V140831,140831,142871,3,3,1,1,0.000001855,RIGHT,-0.347371509,-0.136950855,-0.110315683,-0.349617153,-0.139000207,-0.111257538,-0.344947875,-0.135071814,-0.109683782,0.004669279,0.003928393,0.001573756,-0.347371509,-0.136950855,-0.110315683,-0.349617153,-0.139000207,-0.111257538,-0.344947875,-0.135071814,-0.109683782,0.004669279,0.003928393,0.001573756,3,0,1.000000000,1,0,0,3.000000000,1.000000000,0.000000000,3.000000000,0.000000000,0.000000000,forearm.R:3.000000,VERY_SMALL_COMPONENT,,,,,,,,,,images/C092-context.png,FRONT|BACK|LEFT|RIGHT|DETAIL,524.706292644,PENDING
93,C093-V141561,141561,194972,573,1612,1034,1034,0.006912304,LEFT,0.108086838,-0.203295502,0.568058432,0.093148977,-0.273871720,0.504161537,0.117268592,-0.134657949,0.631219268,0.024119616,0.139213771,0.127057731,0.108086838,-0.203295502,0.568058432,0.093148977,-0.273871720,0.504161537,0.117268592,-0.134657949,0.631219268,0.024119616,0.139213771,0.127057731,573,0,2.000000000,2,0,0,572.999979228,0.999999964,0.000000000,0.000000000,572.999979228,0.000000000,neck:325.413070|head:247.586909,,,,,,,,,,,images/C093-context.png,FRONT|BACK|LEFT|RIGHT|DETAIL,17.598833714,PENDING
94,C094-V145565,145565,194443,490,1382,892,892,0.005783859,RIGHT,-0.098962771,-0.208110473,0.557228000,-0.105984330,-0.268823504,0.497687608,-0.087701529,-0.142793715,0.630125463,0.018282801,0.126029789,0.132437855,-0.098962771,-0.208110473,0.557228000,-0.105984330,-0.268823504,0.497687608,-0.087701529,-0.142793715,0.630125463,0.018282801,0.126029789,0.132437855,490,0,2.000000000,2,0,0,489.999987535,0.999999975,0.000000000,0.000000000,489.999987535,0.000000000,neck:439.255671|head:50.744317,,,,,,,,,,,images/C094-context.png,FRONT|BACK|LEFT|RIGHT|DETAIL,18.499242531,PENDING
95,C095-V146776,146776,157132,101,274,173,173,0.000858560,LEFT,0.300931761,-0.155288542,-0.120769946,0.288301498,-0.163319498,-0.129126817,0.316945136,-0.147936836,-0.107149176,0.028643638,0.015382662,0.021977641,0.300931761,-0.155288542,-0.120769946,0.288301498,-0.163319498,-0.129126817,0.316945136,-0.147936836,-0.107149176,0.028643638,0.015382662,0.021977641,101,0,2.000000000,2,0,0,101.000000417,1.000000004,101.000000417,0.000000000,0.000000000,0.000000000,thumb_02.L:70.022331|thumb_01.L:30.977670,,,,,,,,,,,images/C095-context.png,FRONT|BACK|LEFT|RIGHT|DETAIL,85.533828103,PENDING
96,C096-V148739,148739,159188,153,418,264,264,0.001327431,LEFT,0.279946336,-0.159942905,-0.098078483,0.266094893,-0.166470006,-0.121736951,0.296111315,-0.152307168,-0.079261422,0.030016422,0.014162838,0.042475529,0.279946336,-0.159942905,-0.098078483,0.266094893,-0.166470006,-0.121736951,0.296111315,-0.152307168,-0.079261422,0.030016422,0.014162838,0.042475529,153,0,2.000000000,2,0,0,153.000002861,1.000000019,153.000002861,0.000000000,0.000000000,0.000000000,thumb_02.L:99.660033|thumb_01.L:53.339970,,,,,,,,,,,images/C096-context.png,FRONT|BACK|LEFT|RIGHT|DETAIL,57.680270424,PENDING
97,C097-V148799,148799,159177,27,56,30,30,0.000173456,RIGHT,-0.288058775,-0.160712227,-0.097381466,-0.294843495,-0.166186050,-0.105257459,-0.281279594,-0.153201029,-0.090318732,0.013563901,0.012985021,0.014938727,-0.288058775,-0.160712227,-0.097381466,-0.294843495,-0.166186050,-0.105257459,-0.281279594,-0.153201029,-0.090318732,0.013563901,0.012985021,0.014938727,27,0,3.000000000,3,0,0,27.000000034,1.000000001,0.000000000,27.000000034,0.000000000,0.000000000,thumb_01.R:13.671040|index_01.R:11.951177|thumb_02.R:1.377783,VERY_SMALL_COMPONENT,,,,,,,,,,images/C097-context.png,FRONT|BACK|LEFT|RIGHT|DETAIL,164.003264570,PENDING
98,C098-V148800,148800,159178,55,144,90,90,0.000397158,RIGHT,-0.283043649,-0.160673844,-0.094858835,-0.291513026,-0.166186050,-0.106559269,-0.278374046,-0.153201029,-0.085763633,0.013138980,0.012985021,0.020795636,-0.283043649,-0.160673844,-0.094858835,-0.291513026,-0.166186050,-0.106559269,-0.278374046,-0.153201029,-0.085763633,0.013138980,0.012985021,0.020795636,55,0,2.000000000,2,0,0,55.000001431,1.000000026,0.000000000,55.000001431,0.000000000,0.000000000,index_01.R:38.653172|thumb_01.R:16.346829,VERY_SMALL_COMPONENT,,,,,,,,,,images/C098-context.png,FRONT|BACK|LEFT|RIGHT|DETAIL,117.813180335,PENDING
99,C099-V148810,148810,150854,3,3,1,1,0.000000650,LEFT,0.323289166,-0.156011939,-0.106819558,0.321228474,-0.157481372,-0.107129179,0.325276881,-0.154784799,-0.106464282,0.004048407,0.002696574,0.000664897,0.323289166,-0.156011939,-0.106819558,0.321228474,-0.157481372,-0.107129179,0.325276881,-0.154784799,-0.106464282,0.004048407,0.002696574,0.000664897,3,0,1.000000000,1,0,0,3.000000000,1.000000000,3.000000000,0.000000000,0.000000000,0.000000000,index_01.L:3.000000,VERY_SMALL_COMPONENT,,,,,,,,,,images/C099-context.png,FRONT|BACK|LEFT|RIGHT|DETAIL,605.176295991,PENDING
100,C100-V150928,150928,157250,9,16,8,8,0.000032894,LEFT,0.268605729,-0.162064685,-0.080797557,0.266094893,-0.164180368,-0.084001705,0.271703035,-0.159502074,-0.078432254,0.005608141,0.004678294,0.005569451,0.268605729,-0.162064685,-0.080797557,0.266094893,-0.164180368,-0.084001705,0.271703035,-0.159502074,-0.078432254,0.005608141,0.004678294,0.005569451,9,0,1.000000000,1,0,0,9.000000000,1.000000000,9.000000000,0.000000000,0.000000000,0.000000000,index_01.L:9.000000,VERY_SMALL_COMPONENT,,,,,,,,,,images/C100-context.png,FRONT|BACK|LEFT|RIGHT|DETAIL,436.864874746,PENDING
101,C101-V151564,151564,153630,4,5,2,2,0.000009066,LEFT,0.099608717,-0.154511176,0.617993265,0.097567804,-0.156587616,0.616720498,0.102697819,-0.153144136,0.619899929,0.005130015,0.003443480,0.003179431,0.099608717,-0.154511176,0.617993265,0.097567804,-0.156587616,0.616720498,0.102697819,-0.153144136,0.619899929,0.005130015,0.003443480,0.003179431,4,0,1.000000000,1,0,0,4.000000000,1.000000000,0.000000000,0.000000000,4.000000000,0.000000000,head:4.000000,VERY_SMALL_COMPONENT,,,,,,,,,,images/C101-context.png,FRONT|BACK|LEFT|RIGHT|DETAIL,477.581420370,PENDING
102,C102-V161362,161362,163311,3,3,1,1,0.000017586,LEFT,0.493526508,-0.177927623,0.003083666,0.490749598,-0.179492056,-0.000061092,0.495218903,-0.174838752,0.004669737,0.004469305,0.004653305,0.004730829,0.493526508,-0.177927623,0.003083666,0.490749598,-0.179492056,-0.000061092,0.495218903,-0.174838752,0.004669737,0.004469305,0.004653305,0.004730829,3,0,1.000000000,1,0,0,3.000000000,1.000000000,3.000000000,0.000000000,0.000000000,0.000000000,forearm.L:3.000000,VERY_SMALL_COMPONENT,,,,,,,,,,images/C102-context.png,FRONT|BACK|LEFT|RIGHT|DETAIL,517.879658049,PENDING
103,C103-V167183,167183,190868,228,624,393,393,0.003457084,LEFT,0.352471761,-0.227596475,-0.194884648,0.331464916,-0.248768464,-0.219245091,0.378214806,-0.191472203,-0.159805149,0.046749890,0.057296261,0.059439942,0.352471761,-0.227596475,-0.194884648,0.331464916,-0.248768464,-0.219245091,0.378214806,-0.191472203,-0.159805149,0.046749890,0.057296261,0.059439942,228,0,2.447368421,4,0,0,228.000000282,1.000000001,228.000000282,0.000000000,0.000000000,0.000000000,thumb_02.L:141.373568|thumb_01.L:83.023598|forearm.L:2.870999|index_02.L:0.731836,,,,,,,,,,,images/C103-context.png,FRONT|BACK|LEFT|RIGHT|DETAIL,41.218075046,PENDING
104,C104-V174307,174307,197416,2939,8543,5604,5604,0.084291135,CENTER,0.077394433,-0.260501681,0.227692126,-0.010804561,-0.299661756,0.003916330,0.214907691,-0.198901147,0.511589527,0.225712252,0.100760609,0.507673197,0.077394433,-0.260501681,0.227692126,-0.010804561,-0.299661756,0.003916330,0.214907691,-0.198901147,0.511589527,0.225712252,0.100760609,0.507673197,2939,0,2.000000000,2,0,0,2938.999998786,1.000000000,0.000000000,0.000000000,2938.999998786,,spine_02:1743.203137|chest:1195.796861,CROSSES_CENTER_PLANE,,,,,,,,,,images/C104-context.png,FRONT|BACK|LEFT|RIGHT|DETAIL,4.825939235,PENDING
105,C105-V177904,177904,197267,1735,5012,3277,3277,0.059974996,CENTER,-0.086048215,-0.260407098,0.157331761,-0.219099075,-0.297229081,0.003563893,0.003057924,-0.208189696,0.372230709,0.222156999,0.089039385,0.368666815,-0.086048215,-0.260407098,0.157331761,-0.219099075,-0.297229081,0.003563893,0.003057924,-0.208189696,0.372230709,0.222156999,0.089039385,0.368666815,1735,0,1.906628242,2,0,0,1735.000024912,1.000000014,0.000000000,0.000000000,1735.000024912,,spine_02:1365.923956|chest:369.076069,CROSSES_CENTER_PLANE,,,,,,,,,,images/C105-context.png,FRONT|BACK|LEFT|RIGHT|DETAIL,6.645566944,PENDING
106,C106-V190469,190469,194410,69,179,111,111,0.000727128,RIGHT,-0.094881454,-0.262913054,0.485854792,-0.103100777,-0.271648049,0.472142518,-0.086141266,-0.253621787,0.502730787,0.016959511,0.018026263,0.030588269,-0.094881454,-0.262913054,0.485854792,-0.103100777,-0.271648049,0.472142518,-0.086141266,-0.253621787,0.502730787,0.016959511,0.018026263,0.030588269,69,0,2.000000000,2,0,0,69.000002056,1.000000030,0.000000000,0.000000000,69.000002056,0.000000000,chest:49.680002|spine_02:19.320000,VERY_SMALL_COMPONENT,,,,,,,,,,images/C106-context.png,FRONT|BACK|LEFT|RIGHT|DETAIL,80.096064974,PENDING
107,C107-V190484,190484,196721,84,223,140,140,0.000830656,LEFT,0.105274826,-0.274305651,0.491673727,0.093074389,-0.289312363,0.480234265,0.114540011,-0.255512536,0.507532060,0.021465622,0.033799827,0.027297795,0.105274826,-0.274305651,0.491673727,0.093074389,-0.289312363,0.480234265,0.114540011,-0.255512536,0.507532060,0.021465622,0.033799827,0.027297795,84,0,2.000000000,2,0,0,84.000002503,1.000000030,0.000000000,0.000000000,84.000002503,0.000000000,chest:60.480002|spine_02:23.520000,VERY_SMALL_COMPONENT,,,,,,,,,,images/C107-context.png,FRONT|BACK|LEFT|RIGHT|DETAIL,72.485577895,PENDING
108,C108-V192344,192344,195426,63,160,97,97,0.000594074,RIGHT,-0.094828342,-0.270224319,0.488222410,-0.103444718,-0.277420193,0.473394305,-0.086141266,-0.260232806,0.502172887,0.017303452,0.017187387,0.028778583,-0.094828342,-0.270224319,0.488222410,-0.103444718,-0.277420193,0.473394305,-0.086141266,-0.260232806,0.502172887,0.017303452,0.017187387,0.028778583,63,0,2.000000000,2,0,0,63.000001878,1.000000030,0.000000000,0.000000000,63.000001878,0.000000000,chest:45.360002|spine_02:17.640000,VERY_SMALL_COMPONENT,,,,,,,,,,images/C108-context.png,FRONT|BACK|LEFT|RIGHT|DETAIL,85.132753620,PENDING
109,C109-V192356,192356,196725,78,202,125,125,0.000732541,LEFT,0.102758274,-0.279489344,0.494953291,0.093074389,-0.290740132,0.481310099,0.114252053,-0.261095673,0.508427858,0.021177664,0.029644459,0.027117759,0.102758274,-0.279489344,0.494953291,0.093074389,-0.290740132,0.481310099,0.114252053,-0.261095673,0.508427858,0.021177664,0.029644459,0.027117759,78,0,2.000000000,2,0,0,78.000002325,1.000000030,0.000000000,0.000000000,78.000002325,0.000000000,chest:56.160002|spine_02:21.840000,VERY_SMALL_COMPONENT,,,,,,,,,,images/C109-context.png,FRONT|BACK|LEFT|RIGHT|DETAIL,82.646134977,PENDING
